Year	Author Names	Conference
2012	ศคง.;แบงก์ชาติ;ศคง.;ศคง.;ธปท.;ศคง.;ศคง.;แบงก์ชาติ;ศคง.;ศคง.;ศูนย์คุ้มครอง;ธนาคารแห่งประเทศไทย;ธนาคารแห่งประเทศไทย;ธนาคารแห่งประเทศไทย;ธนาคารแห่งประเทศไทย;สำนักงานภาคใต้472;ธนาคารออมสิน;สถาบันพัฒนาองค์กรชุมชน องค์กรมหาชน;ธนาคารออมสิน;กองทุนเพื่อการลงทุนทางสังคม;กองทุนชุมชนการพัฒนาชุมชนเมือง;สำนักงานพัฒนาชุมชนเมือง และการเคหะแห่งชาติ;PhilanthropyConsortium;มูลนิธิหัวใจอาสาง;มูลนิธิหัวใจอาสา	ORG
2013	ศคง.;ศคง.;ธปท.;ธปท.;ธปท.;ธปท.;ธปท.;ธปท.;ศคง.;ธปท.;ธปท.;ศคง.;ธกส.;ธนาคารออมสิน;ศคง.;ศคง.;ศคง.;DSI;ศคง.;ศคง.;ศคง.;ธปท.;ศคง.;ธปท.;ศคง.,;สำนักงานภาค;ศคง.;กลต.;กระทรวงการคลัง;สถาบันการเงิน;ศคง.;ธปท.;SocialMedia;ธปท.;ธนาคารพาณิชย์ไทย;ธนาคารพาณิชย์เพื่อรายย่อย;ธนาคารพาณิชย์;ธนาคารต่างประเทศ;ธนาคารพาณิชย์ต่างประเทศ;บริษัทเงินทุน;บริษัทเครดิตฟองซิเอร์;ธปท.;สำนักงานผู้แทนธนาคารพาณิชย์ต่างประเทศ;บริษัทบริหารสินทรัพย์;สถาบันการเงิน;ธปท.;ศคง.;ธนาคารแห่งประเทศไทยระนางประเทศไทย;ธนาคารแห่งประเทศไทย;ศคง.;ศคง.;ศคง.;ธปท.;สำนักงานภาค;ศคง.;ศคง.;ศคง.;ศคง.;ศคง.;สำนักงานสถิติแห่งชาติ;สสส.;สสช.;ศคง.;ศคง.;FINANCIAL;ศูนย์คุ้มครองผู้ใช้บริการทางการเงิน;GoodGovernance;สถาบันป๋วย อึ้งภากรณ์;สถาบันพัฒนาวิสาหกิจขนาดกลางและขนาดย่อม;สมาคมธนาคารไทย;ธนาคารแห่งประเทศไทย;ธปท.;ธปท.;ธปท.;ธปท.;ธุรกิจขนาดกลาง;ธปท.;ธปท.;ธปท.;ธปท.;สถาบันวย;สถาบันพัฒนาวิสาหกิจขนาดกลางและขนาดย่อม;สมาคมธนาคารไทย;ธปท.;ธปท.;SMEs ไทย;สถาบันป่วย อึ้งภากรณ์;สถาบันป่วยฯ;SMEs ไทย;ธปท.;ธปท.;ธปท.;ธปท.;SMEs;ธปท.;ธนาคารแห่งประเทศไทย;ธปท.;ธปท.;ธปท.;ธปท.;สำนักงานส่งเสริมวิสาหกิจขนาดกลางและขนาดย่อม;SMEs;SMEs ไทย;สสว.;ธปท.;ธปท.;ธปท.;ธปท.;ธปท.;ธปท.;ธปท.;กระทรวงการคลัง;ธปท.;ธนาคารพาณิชย์;ธปท.;ธปท.;ธปท.;กระทรวงพาณิชย์;ธปท.;ธนาคารพาณิชย์;ธปท.;ธปท.;ธนาคารชาติ;ธนาคารพาณิชย์;ธนาคารแห่งประเทศไทย;ธนาคารพาณิชย์;ธนาคารพาณิชย์ไทย;ธนาคารแห่งประเทศไทย;สถาบันการเงินไทย;Customer-centric;กองทุนรวม;ธปท.;ธนาคารพาณิชย์;ธปท.;ธปท.;ธปท.;ธนาคารแห่งประเทศไทย;รฟท.;ธปท.;ธปท.;ธปท.;ศคง.;สำนักงานภาค;ธปท.;ธปท.;ธปท.;ศคง.;ศคง.;สำนักงานภาค ยังมี;ธปท.;ธปท.;ธปท.;ธปท.;ธปท.;สำนักงานสถิติแห่งชาติ;OECD;ธปท.;ธปท.;ธปท.;ธปท.;ธปท.;ธปท.;สถาบันการศึกษาทางเศรษฐศาสตร์;ธปท.;ธปท.;ธปท.;ธปท.;Theme;ธปท.;ธปท.;กยอ.;ธปท.	ORG
2014	ธนาคารแห่งประเทศไทย;ธนาคารแห่งประเทศไทย;ศูนย์คุ้มครองผู้ใช้บริการ;ธนาคารแห่งประเทศไทย;ธปท.;ศคง.;อินโฟกราฟิก;เอสเอ็มอี;ศคง.;อินโฟกราฟิก;ศคง.;ศูนย์คุ้มครองผู้ใช้บริการทางการเงิน;ธนาคารแห่งประเทศไทย;คณะศิลปศาสตร์;มหาวิทยาลัยเทคโนโลยีราชมงคล;ธัญบุรี;ธนาคารกลางแห่งนิวยอร์ก;กระทรวงการคลัง;ธนาคารกลางสหรัฐฯ;ธปท.;เอสเอ็มอี;ธปท.;ธปท.;ธปท.;ธปท.;ธนาคารออมสิน;ธปท.;ธนาคารออมสิน;ธนาคารออมสิน;ธปท.;ธปท.;ธปท.;ธปท.;เอสเอ็มอี;ธนาคารออมสิน;กระทรวงการคลัง;ธนาคารออมสิน;ธปท.;ธนาคารออมสินอาวุโส;ธนาคารออมสิน;ธนาคารออมสิน;ธนาคารออมสิน;ธนาคารออมสิน;ธนาคารออมสิน;ธปท.;ธปท.;ธนาคารแห่งประเทศไทย;ธนาคารแห่งประเทศไทย;ธปท.;ธนาคารแห่งประเทศไทย;ศูนย์คุ้มครองผู้ใช้บริการทางการเงิน;ธนาคารแห่งประเทศไทย;สำนักงานคณะกรรมการกำกับและส่งเสริมการประกอบธุรกิจประกันภัย;คปภ.;สำนักงานคณะกรรมการกำกับหลักทรัพย์และตลาดหลักทรัพย์;ก.ล.ต.;ศูนย์คุ้มครองผู้ใช้บริการ;แบงก์ชาติ;สถาบันการเงิน;ธนาคารแห่งประเทศไทย;ธนาคารแห่งประเทศไทย;ธปท.;ธปท.;ศคง.;ศูนย์คุ้มครองผู้ใช้บริการทางกาตุงิน;ธนาคารแห่งประเทศไทย	ORG
2015	Regulator;กระทรวงการคลัง;Regulator;สถาบันการเงินเฉพาะกิจ;SFls;ธนาคารโลก;SFIS;ธปท.;กระทรวงการคลัง;กระทรวงการคลัง;กระทรวงเจ้าสังกัด;สำนักงานคณะกรรมการนโยบายรัฐวิสาหกิจสคร.;บรรษัทวิสาหกิจแห่งชาติ;คณะกรรมการนโยบายรัฐวิสาหกิจ;ธปท.;วิทยุและโทรทัศน์ส่วนกลาง;ศคง.;ศูนย์คุ้มครองผู้ใช้บริการทางการเงิน;ศคง.;ศคง.;ศคง.;แบงก์ชาติ;สำนักงานภาคเหนือ;สำนักงานภาคตะวันออกเฉียงเหนือ;สำนักงานภาคใต้;ธนบัตรไทย;ศูนย์คุ้มครองผู้ใช้บริการ;ธนาคารแห่งประเทศไทย;ธปท.;ธปท.;บริษัท วินเซ็นท์ แฟคทอรี่ จำกัด;บริษัท ซีพีเอ็ม เอ็นจิเนียริ่งเซ็นเตอร์ จำกัด;บริษัท อัลลายแอนซ์ ออโต้ ออคชั่น จำกัดAAA;มูลนิธิเพื่อคนไทย;กองทุนรวม;สถาบันป๋วย;ธปท.;สถาบันป๋วย อึ้งภากรณ์;Fairness;ธปท.;สถาบันป่วย อึ้งภากรณ์;ธปท.;ธปท.;สถาบันป๋วย อึ้งภากรณ์;สถาบันพัฒนาวิสาหกิจขนาดกลางและขนาดย่อม;สมาคมธนาคารไทย;บริษัท วินเซ็นท์ แฟคทอรี่ จำกัด;บริษัท อัลลายแอนซ์ ออโต้ ออคชั่น จำกัด;บริษัท ซีพีเอ็ม เอ็นจิเนียริ่ง เซ็นเตอร์ จำกัด;หอสมุดจดหมายเหตุ;โรงเรียนเพาะช่าง;มหาวิทยาลัยศิลปากร;PrattGraphic;คณะจิตรกรรมประติมากรรมและภาพพิมพ์;มหาวิทยาลัยศิลปากร;ศคง.;ธปท.;ศคง.;ศคง.;ศคง.;ธปท.;ศคง.;ศคง.;ศคง.;ธปท.;ศคง.;สมาคมธนาคารไทย;ธปท.;ศคง.;ศูนย์คุ้มครองผู้ใช้บริการ;ศคง.;ศคง.;สำนักงานภาคเหนือ;ศคง.;สำนักงานภาค;ศคง.;ศคง.;บริษัท ทรู คอร์ปอเรชั่น จำกัด มหาชน;ศูนย์คุ้มครองผู้ใช้บริการ;สำนักงานภาคเหนือEFFECTIVE;SOLUTION;กองทุนหมู่บ้าน;สำนักงานเขตพื้นที่การศึกษา;สำนักงานพระพุทธศาสนา;ศคง.;ศคง.;ศคง.;ศคง.;ธปท.;ศคง.;ศคง.;สำนักงานภาคเหนือ;ศูนย์คุ้มครองผู้ใช้บริการทางการเงิน;ศูนย์คุ้มครองผู้ใช้บริการ;ธนาคารแห่งประเทศไทย;Package;กองทุนรวม;กองทุนรวม;สถาบันความรู้ตลาดทุน;ตลาดหลักทรัพย์แห่งประเทศไทย;ศูนย์คุ้มครองผู้ใช้บริการทางการเงิน	ORG
2016	ธนาคารแห่งประเทศไทย;สถาบันป๋วย อึ้งภากรณ์;บริษัท ดีไซน์ ออลเทอร์เนทีฟ จำกัด•;บริษัท สยาม สกรู โบลท แอนด์นัท จำกัด;บริษัท เดลแมกซ์แมชินเนอรี่ จำกัด;บริษัท โกลด์มิลค์ จำกัด;บริษัทยูโรเปี้ยน จำกัด;บริษัท อุตสาหกรรมดีสวัสดิ์ จำกัด 3;บริษัท เซ็นจูรี่อุตสาหกรรม จำกัด 4;บริษัท ที-เน็ต จำกัด 5;แม่สอดโชควิสูตร 6;บริษัท กรุงเทพเมทัล แฟบบริคเคชั่น จำกัด 7;บริษัท ไทยเทคโนกลาส จำกัด 8;บริษัท ซีดีไอพี ประเทศไทย จำกัด;บริษัท เอ็น แอนด์ บีพิซซ่า เครป จำกัด;วง วง;ศูนย์คุ้มครองผู้ใช้บริการทางการเงิน;ศคง.;ศคง.;SLA;สมาคมธนาคารไทย;ศูนย์คุ้มครองผู้ใช้บริการ;ธนาคารแห่งประเทศไทย;SLA;ศูนย์คุ้มครองผู้ใช้บริการทางการเงิน;SFls;ไทย;ธ.ออมสิน;ธนาคารออมสิน;ธนาคารเพื่อการเกษตรและสหกรณ์การเกษตร;ธกส.;ธนาคารออมสิน;ธนาคารออมสิน;ธนาคารออมสิน;ธปท.;คุณชาติชาย;คุณชาติชาย;ธนาคารออมสิน;ธปท.;ธนาคารออมสิน;ธนาคารออมสิน;ธปท.;สำนักงานเศรษฐกิจการคลัง;สศค.;สำนักงานคณะกรรมการนโยบายรัฐวิสาหกิจสคร.;SFIs;ธปท.;สศค.;สคร.;ธปท.;ธนาคารเพื่อการเกษตรและสหกรณ์การเกษตร;ธ.ก.ส.;กองทุนหมู่บ้าน;กองทุนออมแห่งชาติ;ธนาคารเพื่อการเกษตรและสหกรณ์การเกษตร;SFIs;ธนาคารออมสิน;ธนาคารเพื่อการเกษตร;ธนาคารพัฒนาวิสาหกิจขนาดกลางและขนาดย่อมแห่งประเทศไทยบาคาร;ธนาคารอาคารสงเคราะห์;บสย;SFIs;ธนาคารอิสลามแห่งประเทศไทย;ธนาคารอิสลามแห่งประเทศไทย;Shioบรรษัท;ธปท.;ธนาคารออมสิน;ธ.ออมสิน;ธนาคารเพื่อการเกษตรและสหกรณ์การเกษตร;ธปท.;SFIs;ธปท.;SFHS;ธนาคารแห่งประเทศไทย;ธปท.;ธปท.;กระทรวงการคลัง;ธปท.;ธปท.;พอมีพอกิน;ชาติคิด;แบงก์ชาติ;ศูนย์การเรียนรู้ใหม่;ทุนไทย;BKIND;กองทุนบำเหน็จบำนาญแห่งชาติ;ธนาคารแห่งประเทศไทย;ธนาคารแห่งประเทศไทย;ธนาคารแห่งประเทศไทย;ธนาคารแห่งประเทศไทย;ธนาคารแห่งประเทศไทย;ธปท.;ธนาคารแห่งประเทศไทย;ธนาคารแห่งประเทศไทย	ORG
2017	ธนาคารแห่งประเทศไทย;SMEs;สถาบันวย อึ้งภากรณ์;ธนาคารแห่งประเทศไทย;สมาคมธนาคารไทยสุจริต;SMEs ไทย;กองทุนสวัสดิการชุมชน;สหประชาชาติ;ธนาคารแห่งประเทศไทย;ธปท.;ธปท.;สกอ.;ธปท.;ธปท.;สภอ.;ธปท.;ธปท.;ธปท.;ธนาคารแห่งประเทศไทย;ธปท.;ธปท.;ธปท.;ธปท.;ธปท.;สถาบันการเงินมากยิ่งขึ้น;ธปท.;ธปท.;ธปท.;ธปท.;ธปท.;ธปท.;ธปท.;ธปท.;การควบคุม;Supervision;สำนักงานคณะกรรมการกำกับหลักทรัพย์และตลาดหลักทรัพย์;ก.ล.ต.;สำนักงานคณะกรรมการกำกับและส่งเสริมการประกอบธุรกิจประกันภัย;คปภ.;สำนักงานคณะกรรมการคุ้มครองผู้บริโภค;สคบ.;ธปท.;ศคง.;ธนาคารแห่งประเทศไทย;ธปท.;มูลนิธิชัยพัฒนา;มูลนิธิปิดทองหลังพระ	ORG
2018	ธนาคารแห่งประเทศไทย;ธปท.;หน่วยงานกำกับดูแล;Regulator;คปภ. ก.ล.ต.;มูลนิธิเพื่อผู้บริโภค;บริษัทป่าสาละ;ธปท.;ธปท.;สำนักงานคณะกรรมการกำกับหลักทรัพย์และตลาดหลักทรัพย์;ก.ล.ต.;สำนักงานคณะกรรมการกำกับและส่งเสริมการประกอบธุรกิจประกันภัย;คปภ.;สำนักงานคณะกรรมการคุ้มครองผู้บริโภค;สคบ.;ธปท.;แบงก์ชาติ;ธปท.;ธปท.;ธนาคารแห่งประเทศไทย;ธปท.;ธปท.;ธปท.;ธปท.;ธปท.;ชมรม Market Conduct;ธปท.;ธปท.;ธปท.;การควบคุม;ธปท.;ธปท.;ธปท.;ธปท.;ธปท.;Outcome;ธปท.;คณะกรรมการปฏิรูปประเทศ;ธนาคารแห่งประเทศไทย;คณะกรรมการปฏิรูปประเทศด้านกระบวนการยุติธรรม;ธนาคารแห่งประเทศไทย;กองทุนหมู่บ้าน;ธปท.;ธนาคารแห่งประเทศไทย;ธปท.;ธนาคารพาณิชย์;ธปท.;สหประชาชาติ;ธนาคารแห่งประเทศไทย;สถาบันต่าง ๆ;ธนาคารแห่งประเทศไทย;ธปท.;ธนาคารกสิกรไทย;ธนาคารกสิกรไทยBOT;ธนาคารไทย;ธนาคารทหารไทย;TMB;บริษัท ป่าสาละ จำกัด;ธนาคารโลก;บริษัท ป่าสาละ จำกัด;สถาบันกรรมการบริษัทไทยนทางการเงิน;Financial Capability;คณะกรรมการBoard Governance;InternalCompliance;สถาบันกรรมการบริษัทไทยMs. Herry Cho;ธนาคารกรุงศรีอยุธยาดร.บัณฑิต;ธปท.;ธนาคารพาณิชย์;Banking;คณะกรรมการนโยบายสถาบันการเงิน;ธปท.;ธปท.;สมาคมธนาคารไทย;บริษัท แบรนด์บีอิ้ง จำกัด;บริษัท บีอิ้งซัสเทน จำกัดคุณฤชุกร;สถาบันการเงินเฉพาะกิจ;สมาคมธนาคารไทย;ธนาคารออมสิน;ธนาคารเพื่อการเกษตร;มูลนิธิมั่นพัฒนา;ธนาคารไทย;ศูนย์การเรียนรู้;ธนาคารแห่งประเทศไทย;ธนาคารแห่งประเทศไทย;ธปท.;ศูนย์สถานศึกษาพอเพียง;มูลนิธิยุวสถิรคุณ;ศูนย์การเรียนรู้อนาคารแห่งประเทศไทย;วิทยาลัยเทคโนโลยีภาคตะวันออก;อี.เทค;ธปท.;ศูนย์สถานศึกษาพอเพียง;มูลนิธิยุวสถิรคุณ;สมาคมธนาคารไทย;วิทยาลัยเทคโนโลยีพายัพและบริหารธุรกิจ;สถาบันการงิน;ธนาคารแห่งประเทศไทย;ธปท.;ธปท.;Governance;ธนาคารแห่งประเทศไทย;ธปท.;ธปท.;ธปท.;สมาคมบริษัทจดทะเบียนไทยดร.วิรไท สันติประภพ;ธปท.;ธนาคารแห่งประเทศไทย;ธปท.;สมาคมบริษัทจดทะเบียนไทย;ธปท.;สหประชาชาติ;UN;สหประชาชาติ;บริษัทไทย;ธปท.;ธปท.;ธนาคารพาณิชย์;สมาคมธนาคารไทย;ธปท.;ธปท.;สมาคมธนาคารไทย;ธปท.;ธปท.;ธปท.;สมาคมธนาคารในสิงคโปร์;ABS;ธนาคารM;World Bank;OXFAM;ธปท.;CSR;สหประชาชาติ;สหประชาชาติ;บริษัทไทย;สมาคมบริษัทจดทะเบียนไทย;ศูนย์คุณธรรม;สมัชชาคุณธรรมแห่งชาติ;ธปท.;สำนักงานภาคต่าง ๆ;ธปท.;ธปท.;ธปท.;ธปท.;ธปท.;มูลนิธิบูรณะชนบทฯ;คณะเศรษฐศาสตร์;มหาวิทยาลัยธรรมศาสตร์;ธปท.;ธปท.;ธปท.;ธปท.;ธปท.;SDGs;ธปท.;ธปท.;ธปท.;กระทรวง45;Supplier;ธปท.;FinTech;ธปท.;การกำกับตรวจสอบสถาบันการเงิน;ธนาคารแห่งประเทศไทย;ธปท.;SMEs;ธปท.;ธปท.;ธปท.;ธปท.;ธปท.;ธปท.;ธปท.;ธปท.;ธนาคารแห่งประเทศไทย;ธปท.;ธปท.	ORG
2019	กระทรวงการคลัง;ธนาคารแห่งประเทศไทย;ธปท.;กระทรวงการคลัง;สำนักงานเศรษฐกิจการคลัง;ธปท.;PersonalLoan;ธปท.;วิทยาลัยอาชีวศึกษาขอนแก่น;กยศ.;วิทยาลัยภาคตะวันออก;อี.เทค;วิทยาลัยเทคโนโลยีและสหวิทยาการจังหวัดเชียงใหม่;วิทยาลัยเทคโนโลยีภาคตะวันออกเฉียงเหนือ;วิทยาลัยเทคโนโลยีภาคตะวันออกเฉียงเหนือ;วิทยาลัยเกษตรและเทคโนโลยีเชียงใหม่;วิทยาลัยเทคนิคนครขอนแก่น;FINANCIAL;กระทรวงการคลัง;ธนาคารแห่งประเทศไทย;มูลนิธิปิดทองหลังพระฯ;องค์การบริหารส่วนตำบล;การัณย์;สถาบันส่งเสริมและพัฒนากิจกรรมปิดทองหลังพระ;กองทัพบก;กรมชลประทาน;คณะวิศวกรรมศาสตร์;มหาวิทยาลัยเกษตรศาสตร์;คณะเศรษฐศาสตร์;มหาวิทยาลัยขอนแก่น;สถาบันส่งเสริมและพัฒนากิจกรรมปิดทองหลังพระฯ;สถาบันส่งเสริมและพัฒนากิจกรรมปิดทองหลังพระฯ;มูลนิธิปิดทองหลังพระ;สหประชาชาติ;องค์การสหประชาชาติ;ธนาคารพัฒนาเอเชีย;ธปท.;สมาคมธนาคารไทย;ธนาคารพาณิชย์;ธนาคาร24;ศูนย์คุ้มครองผู้ใช้บริการทางการเงิน;ธนาคารแห่งประเทศไทย;ธปท.;สถาบันการเงิน;Non-bank;บริษัท บริหารสินทรัพย์สุขุมวิท จำกัด;ธนาคารกลางสิงคโปร์;ธปท.;สำนักงานคณะกรรมการกำกับหลักทรัพย์และตลาดหลักทรัพย์;สำนักงานคณะกรรมการกำกับและส่งเสริมการประกอบธุรกิจประกันภัย;สมาคมธนาคารไทย;สมาคมธนาคารไทย;ธปท.;ธปท.;สมาคมธนาคารไทย;ธปท.;ธปท.;ธนาคารแห่งประเทศไทย;ธปท.;จีน;ธนาคารกลางอังกฤษ;ธนาคารพาณิชย์;สมาคมธนาคารในประเทศสิงคโปร์;ธนาคารกลางGoal;องค์การสหประชาชาติ;UN;สหประชาชาติ;สมาคมธนาคารในประเทศกลุ่มเศรษฐกิจเกิดใหม่;EmergingEconomies;ธนาคารกลาง;มVM;COVER;ธนาคารกลางอังกฤษ;สำนักข่าว The Standard;กรุงเทพ;ธนาคารกลางสิงคโปร์;ธนาคารพาณิชย์;ธปท.;สถาบันการเงินไทย;ธปท.;สถาบันการเงินไทย;สมาคมธนาคารไทย;ธปท.;NGFS;ธนาคารกลาง;ธปท.;สำนักข่าว The Standard;ธนาคารแห่งประเทศไทย;ธปท.;CONVERSATIONWITH;กองบรรรณาธิการCONVERSATION;สำนักข่าว The Standardดร.วิรไท;ธปท.;สถาบันการเงินไทย;StakeholderEngagement;สมาคมธนาคารไทย;ศูนย์การเรียนรู้;ธนาคารแห่งประเทศไทย;มูลนิธิมั่นพัฒนา;กราฟิก;กองบรSSณาธิการสฤณี;บริษัทไทย;สำนักงานปกป้องสิ่งแวดล้อม;Environmental Protection Agency;BESTINATION;กองบรSSณาธิการSOAP;สหประชาชาติ;FINANCIAL;ศูนย์การเรียนรู้;ธปท.;CSR;กระทรวงสิ่งแวดล้อม;ธนาคารกลางจีน;ธนาคารแห่งประเทศไทย;ธปท.;ธนาคารStandardized System;สหภาพยุโรป;Capacity Building;ธนาคาร24 BOT	ORG
2020	ธปท.;ธปท.;สมาคมธนาคารไทย;ธปท.;สมาคมธนาคารไทย;ธนาคารไทย;ธปท.;สมาคมธนาคารไทย;ศูนย์วิชาการเพื่อสนับสนุนการแก้ไขปัญหาหมอกควันภาคเหนือ;มหาวิทยาลัยเชียงใหม่;***;มหาวิทยาลัยเชียงใหม่;อสม.;INSPIRATION;บริษัทแล็บอาหารยั่งยืน;การท่องเที่ยวแห่งประเทศไทย;สำนักงานกองทุนสนับสนุนการสร้างเสริมสุขภาพ;สสส.;สำนักงานส่งเสริมการ;สำนักงานนวัตกรรมแห่งชาติ;สำนักงานคณะกรรมการส่งเสริมวิทยาศาสตร์;สมาคมผู้บริโภคอินทรีย์ไทย;สามพราน;*****	ORG
2021	INSPIRATION;ควอลี่;องค์การสหประชาชาติ;ควอสี่;ธปท.;ธนาคารแห่งประเทศไทย;ธปท.;ธปท.;ธปท.;ธปท.;ธปท.;ธปท.;สมาคมธนาคารไทย;สมาคมธนาคาร;ธปท.;ธปท.;ธปท.;ธปท.;ธปท.;ธปท.;ธปท.;สถาบันการเงิน;มาตรฐานสากล;ธปท.;ธปท.;ธปท.;ธปท.;ธปท.;ธปท.;ธปท.;Carbon Neutralคาร์บอน;องค์การบริหารจัดการก๊าซเรือนกระจก;องค์การ;ธปท.มหาชน;สำนักงานสีเขียว;สำนักงานสีเขียว;สำนักงานภาคตะวันออกเฉียงเหนือ;โรงพิมพ์;ธปท.;ธปท.;ธปท.;ธปท.;ไทย;ธนาคารแห่งประเทศไทย;ธปท.;ธนาคารแห่งประเทศไทย;สภาวสุ16;กองจันทร์;BOT;ธปท.;สหประชาชาติ;องค์การสหประชาชาติ;สหประชาชาติ;ธนาคารแห่งประเทศไทย;ธปท.;ธนาคารกลาง;สำนักงานเศรษฐกิจการคลัง;สำนักงานคณะกรรมการกำกับหลักทรัพย์;ธปท.;สำนักงานบริหารหนี้สาธารณะ;ธปท.;ธปท.;ธปท.;ธปท.;ธปท.;สหภาพยุโรป;EXECUTIVE;กองบรรณาธิการEXECUTIVE;ธนาคารแห่งประเทศไทย;ธนาคารแห่งประเทศไทย;ธปท.;ธปท.;ธปท.;ธปท.;ธปท.;ธปท.;ธปท.;EXECUTIVE;ธนาคารแห่งประเทศไทย;ธปท.;ธปท.;ธนาคารไทย;ธปท.;สมาคมธนาคารไทย;ธปท.;ธปท.;ธปท.;สถาบันการเงินไทย;ธปท.;สมาคมธนาคารไทย;ธปท.;ธปท.;ธปท.;ธปท.;ธปท.;บ้าวไทย;สถาบันวิจัยเพื่อการพัฒนาประเทศไทย;คณะเศรษฐศาสตร์;มหาวิทยาลัยเกษตรศาสตร์;มหาวิทยาลัยธรรมศาสตร์;ศูนย์วิจัยและฝึกอบรมด้านสิ่งแวดล้อม;กรมส่งเสริมคุณภาพสิ่งแวดล้อม;ธปท.;ธปท.;ธปท.;อาเซียน;ESG;กัมพูชาinvestment;สถาบันวิจัยเศรษฐกิจป๋วย;ทศาสตร์;ธนาคารแห่งประเทศไทย	ORG
2022	ธนาคารกลางอังกฤษ;Monzo;ธนาคารกลางอังกฤษ;ธนาคารกลางอังกฤษ;ธนาคารแห่งประเทศไทย;สำนักงาน;ธปท.;กรุงลอนดอน;สำนักงาน;ธปท.;กรุงลอนดอน;ธปท.;ธปท.;ธปท.;สำนักงานคณะกรรมการกฤษฎีกา;ธปท.;ธปท.;ธปท.;ธปท.;ธปท.;EXECUTIVE;ธปท.;ธนาคารแห่งประเทศไทย;ธปท.;ธปท.;สถาบันการเงิน 2 ธปท.;ธปท.	ORG
2012	คุณไพบูลย์;คุณไพบูลย์;คุณไพบูลย์;คุณไพบูลย์;คุณไพบูลย์;คุณไพบูลย์;คุณไพบูลย์;คุณไพบูลย์;คุณไพบูลย์;คุณไพบูลย์	PERSON
2013	"พระสยาม"";ดร.อมรา ศรีพยัคฆ์;ศคง.”;ดร.อมรา;ดร.อมรา;ตอน รักษาสิทธิ;ดร. ประสาร ไตรรัตน์วรกุล;ม.ร.ว.ปรีดิยาธร เทวกุล;คุณสาลินี วังตาล;พระสยาม;บบด น;พระสยาม;Shadow Director;พระสยาม;Cover Storyเย;พระสยาม;ดร. อมรา ศรีพยัคฆ์;ดร. ทิตนันท์ มัลลิกะมาส;คุณธัญญนิตย์ นิยมการ;ดร. อมรา;อมรา;Cover Storyนนญบมัลลิกะมาส;ดร. ทิตนันท์;ดร. ทิตนัน"	PERSON
2014	อาจารย์ราชันย์อัศเวศน์;Timothy F;Brett King;อาจารย์บวรศักดิ์ อุวรรณโณ;คุณสาลินี;คุณสาลินี;ดร. ธัชพล กาญจนกูล;อาจารย์บวรศักดิ์;คุณสาลินี;อาจารย์บวรศักดิ์;คุณสาลินี;กานดา;ณัฐ;ณัฐ;ณัฐ	PERSON
2015	ชาตกาล;อาจารย์ป๋วย อึ้งภากรณ์;ดร. ประสาร ไตรรัตน์วรกุล;ดร. ประสารไตรรัตน์วรกุล;งานชาตกาล;ม.ร.ว.ปรีดิยาธร เทวกุล;สมเกียรติ;คุณมนทกานติ อุมาแสงทองกุล;คุณประสงค์ ตั้งสีฟ้า;คุณศุภชาติ พินิจสุวรรณ;อาจารย์ชลูด นิ่มเสมอ;Conceptual Art;พุทธศิลป์;สุภาวดี ปุณศรี;คุณสุภาวดี ปุณศรี;คุณสุภาวดี;คุณสุภาวดี;คุณสุภาวดี;คุณวีระยุทธ์ เลิศพูนวิไลกุล;คุณพีรจิต;พีรจิต ปัทมสูต;วีระยุทธ์ เลิศพูนวิไลกุล;คุณวีระยุทธ์;คุณวีระยุทธ์;คุณพีรจิต;คุณพีรจิต;คุณวีระยุทธ์	PERSON
2016	นคร;ป๋วย อิน;อาจารย์ป๋วย;คุณรณดล;คุณชาติชาย พยุหนาวีชัย;คุณรณดล;คุณรณดล;คุณลักษณ์ วจนานวัช;คุณลักษณ์;ธ.ก.ส.;ธ.ก.ส.;คุณลักษณ์ วจนานวัช;พลิกโฉม;คุณรณดลนุ่มนนท์;คุณชาติชาย พยุหนาวีชัย;คุณลักษณ์ วจนานวัช;คุณรณดล;คุณรณดล นุ่มนนท์;คุณรณดล;ดร.วิรไท สันติประภพ;คุณวรวรรณ;Market Conduct;ในหลวง รัชกาลที่ 9;คุณวรวรรณ;ในหลวง รัชกาลที่ 9;ในหลวง;พระบาท;สมเด็จพระเจ้าอยู่หัว รัชกาลที่ 9;วรวรรณ ธาราภูมิ;คุณวรวรรณ ธาราภูมิ;คุณวรวรรณ;คุณวรวรรณ	PERSON
2017	ดร.ป๋วย อึ้งภากรณ์;รณดล นุ่มนนท์;ຮູ້ວ່າພຮູ້ວ່າກາພທົ່າກັນແຕາພັບຕາການ,;คุณรณดล นุ่มนนท์;คุณรณดล นุ่มนนท์;คุณรณดล;คุณรณดล;คุณรณดล;พระบาทสมเด็จพระปรมินทรมหาภูมิพลอดุลยเดช	PERSON
2018	คุณธัญญนิตย์;คุณธัญญนิตย์ นิยมการ;คุณฤชกร สิริโยธิน;ดร.วิรไท สันติประภพ;คุณรณดล นุ่มนนท์;คุณธัญญนิตย์ นิยมการ;คุณธัญญนิตย์;คุณธัญญนิตย์;คุณธัญญนิตย์;คุณธัญญนิตย์;คุณอัชพร;คุณอัชพร จารุจินดา;พระสยาม;คุณอัชพร จารุจินดา;วิรไท สันติประภพ;ดร.วิรไท สันติประภพ;ดร.วิรไท;ดร.วิรไท;คุณบัณฑูร ล่ำซำ;คุณบัณฑูร ล่ำซ้ำ;คุณบัณฑูร;ดร.ปิติ ตัณฑเกษม;คุณสฤณี อาชวานันทกุล;คุณสฤณี;คุณสฤณี อาชวานันทกุล;คุณฤชุกร สิริโยธิน;คุณฤชกร สิริโยธิน;คุณฤชุกร;คุณปรีดี;คุณชาลี จันทนยิ่งยง;คุณฤชกรสิริโยธิน;คุณปรีดีดาวฉาย;ดร.ศิริกุลเลากัยกุล;คุณกชกร;สฤณี อาชวานันทกุล;วีณาวิน ลุลิตานนท์;ไรมีย์ แวดอเลาะ;พระบาทสมเด็จพระปรมินทรมหาภูมิพลอดุลยเดช รัชกาลที่ 9;คุณเพ็ญศรี สุธีรศานต์;พระสยาม;คุณเพ็ญศรีสุธีรศานต์;ดร.วิรไท สันติประภพ;คุณเพ็ญศรี;พระบาทสมเด็จพระเจ้าอยู่หัว รัชกาลที่ 9;ในหลวงรัชกาลที่ 9;Operational Risk;พฤติกรรมผู้บริโภค;คุณเพ็ญศรี;คุณเพ็ญศรี;ResponsibleBusiness;คุณเพ็ญศรี;Sustainable;ดร.ป๋วย อึ้งภากรณ์;คุณศิริชัย;คุณศิริชัย;คุณศิริชัย;จันทวรรณ สุจริตกุล;คุณสุนิตย์ เซรษฐา;คุณสุนิตย์;คุณศิริชัย;คุณศิริชัย;คุณศิริชัย;คุณศิริชัย;สณัฏฐนันท์;ณัชชา ชุณหจินดา;BOT พระสยาม MAGAZINE;นันท์;สณัฏฐนันท์สังสิทธิวงศ์;เกรียงศักดิ์ อารีย์จิตเกษม;ณัชชา ชุณหจินดา;เกรียงศักดิ์ อารีย์จิตเกษม;คุณดารณี แช่จู;คุณดารณี;คุณดารณี แซ่จู;คุณดารณี;Fit andProper;คุณดารณี	PERSON
2019	พระบาทสมเด็จพระปรมินทรมหาภูมิพลอดุลยเดชรัชกาลที่ 9;พระเจ้าอยู่หัวรัชกาลที่ 9;คุณการัณย์ ศุภกิจวิเลขการ;พระเจ้าอยู่หัวรัชกาลที่ 9;คุณการัณย์ ศุภกิจวิเลขการ;พระบาทสมเด็จพระปรมินทรมหา;อดุลยเดช รัชกาลที่ 9;รัชณภัค อินนุกูล;ดร.วิรไท สันติประภพ;มนต์ชัย วงษ์กิตติไกรวัล;พระสยาม MAGAZINE;คุณมนต์ชัยวงษ์กิตติไกรวัล;ดร.วิรไท สันติประภพ;คุณมนต์ชัย;คุณมนต์ชัย;คุณมนต์ชัย วงษ์กิตติไกร;สฤณี อาชวานันทกุล;จินจารักษ์;พระบาทสมเด็จพระมหาภูมิพล;อดุลยเดชมหาราช บรมนาถบพิตร; อาชวานันทกุล;คุณสฤณี;คุณสฤณี;BOT พระสยาม MAGAZINE;คุณแพร์ ปภาวี พงศ์ธนาวรานนท์;คุณแพร์;คุณFinancial Health;พระสยาม MAGAZINE	PERSON
2020	ปริยดา;คุณปรีดี;คุณปรีดี;คุณอรุ;คุณอรุษ;คุณอรุษ;คุณอรุษ	PERSON
2021	คมน์ ไทรงาม;ธนวัต รินธนาเลิศ;ธีรชัย ศุภเมธีกุลวัฒน์;คุณธีรชัย;คุณไจ - ธีรชัย ศุภเมธีกุลวัฒน์;คุณธีรชัย;คุณธีรชัย;คุณวิชญ์พล สุธาสินีนนท์;คุณปิยะวรรณ เข็มทองประดิษฐ์;คุณปิยะวรรณ เข็มทองประดิษฐ์;คุณกฤศกร อนันตวุฒิกุล;คุณนิรมล;คุณกฤศกร อนันต;คุณนิรมล หลีกอธรรม;คุณนิรมล;พระสยาม MAGAZINE;ดร.เศรษฐพุฒิ สุทธิวาทนฤพุฒิ;จันทวรรณ สุจริตกุลย;ดร.ชญาวดี ชัยอนันต์;อุบลรัตน์ จันทรังษ์นฤมล;เวสารัชกิจ;พิมพ์วรีย์ กิตติสารกุล;ศิรประชาณัฐนี รัชตะนันทน์;ษภาณ;พนธ์ รักษ์;ดร.ชญาวดี ชัยอนันต์;ธีรชัย ศุภเมธีกุลวัฒน์วรวัฒน์;คุณรณดล นุ่มนนท์;คุณนวอร เดชสุวรรณ์;คุณรณดล นุ่มนนท์;คุณนวอร;คุณรณดล;คุณรณดล;คุณนวอร;คุณนวอS เดชสุวรรณ์;คุณรณดล;คุณนวอร;คุณรณดล;คุณรณดล;คุณนวอร;ดร.กรรณิการ์ ธรรมพานิชวงศ์;ดร.วิษณุ อรรถวานิช;ดร.บัณฑิต ลิ้มมีโชคชัย;ดร.อัศมนลิ่มสกุล;จาห์เรนบ;กฤษณ์ รุยาWSดร.นรกฤต	PERSON
2022	ธรรมรักษ์ หมื่นจักร์;นิธิวดี สุนทรพจน์;คุณธัญญนิตย์;คุณธัญญนิตย์;คุณธัญญนิตย์;คุณธัญญนิตย์นิยมการ;คุณธัญญนิต	PERSON
2012	ศูนย์คุ้มครอง;อาคาร 3;ชั้น 5;ถนนสามเสน;เขตพระนครกรุงเทพ;สำนักงานภาคเหนือ683;ถนนโชตนา;ตำบลช้างเผือก;อำเภอเมือง;จังหวัดเชียงใหม่;สำนักงานภาคตะวันออกเฉียงหนือ393;ถนนศรีจันทร์;ตำบลในเมือง;อำเภอเมือง;จังหวัดขอนแก่น;ถนนเพชรเกษม;อำเภอหาดใหญ่;จังหวัดสงขลา;90110พระสยาม;เอเชียแปซิฟิก;แคนาดา	LOCATION
2013	กรุงเทพฯ;ไทย;ประเทศไทย;ประเทศไทย;สหรัฐอเมริกา;ไทย;ญี่ปุ่น;ไต้หวัน;เกาหลีใต้;ประเทศไทย;ไทย;อเมริกา;ยุโรป;ประเทศไทย;ไทย;ไทย;ไทย	LOCATION
2014	สหรัฐอเมริกา;สหรัฐอเมริกา;สหรัฐอเมริกา;สหรัฐฯ;สหรัฐฯ;สหรัฐฯ;ฝรั่งเศส;โรงแรมเซ็นทาราแกรนด์;เซ็นทรัลเวิลด์	LOCATION
2015	เอเชีย;เอเชีย;เอเชีย;เอเชียแปซิฟิก;จีน;จีน;เอเชีย;ไทย;ภาคเหนือ;ภาคเหนือ;ภาคเหนือ	LOCATION
2016	ไทย;กรุงเทพฯ;ปริมณฑล;ไทย;เจ้าพระยา;สะพานพระราม8;ไทย;เอเชีย;เอเชีย;เอเชียLikeCommentShare	LOCATION
2017	ภาคอีสาน;ภาคอีสาน;อีสาน;อีสาน;ภาคอีสาน;นด ญ	LOCATION
2018	ไทย;ไทย;ประเทศไทย;ไทยระยะสั้นน;ตร.วิรไท;ลาว;ไทย;FinaFinaFinawe;จังหวัดชลบุรี;ศูนย์การเรียนรู้ธนาคารแห่งประเทศไทย;จังหวัดเชียงใหม่;ไทย;ไทย;ไทย;ไทย;ประเทศไทย;ไทย;ไทย;อาเซียน;ประเทศสิงคโปร์;อินโดนีเซีย;อาเซียน;ไทย;ไทย;เยอรมนี;อังกฤษ;กรุงริโอ-เดจาเนโร;ภาคเหนือ;เชียงใหม่;สหรัฐฯ;ไทย	LOCATION
2019	รBOT;จังหวัดขอนแก่น;จังหวัดชลบุรี;จังหวัดขอนแก่น;จังหวัดขอนแก่น;จังหวัดเชียงใหม่;จังหวัดขอนแก่น;แก้มลิงหนองเลิงเปื่อย;หนองเลิงเปื่อย;อำเภอร่องคำ;แก้มลิงหนองเลิงเปื่อย;ลอกหนองเลิง;จังหวัดขอนแก่น;หนองเลิงเปื่อย;จังหวัดกาฬสินธุ์;หนองเลิง;หนองเลิงเปื่อย;จังหวัดกาฬสินธุ์;ไทย;กรุงไนโรบี;เคนยา;บังคลาเทศ;ฟิลิปปินส์;ไทย;ThailandSUSTAINABLE;ไทย;ไทย;ประเทศไทย;ประเทศจีน;จีน;สหราชอาณาจักร;อาเซียน;อาเซียน;ประเทศไทย;ประเทศไทย;กรุงเทพฯ;ยุโรป;เอเชีย;จีน;จีน;สิงคโปร์;อินโดนีเซีย;สิงคโปร์;อินโดนีเซีย;ไทย;ไทย;สหรัฐอเมริกา;ประเทศไทย;ซอยอ่อนนุช;จีน;จีน;ไทย;จีน;จีน;จีน	LOCATION
2020	ประเทศไทย;ไทย;เอเชีย;อุทยานแห่งชาติดอยสุเทพ-ปุย;ดอยสุเทพ;บ้านป่าตึงงาม;ตำบลปิงโค้ง;อำเภอเชียงดาว;จังหวัดเชียงใหม่;เขตอุทยานแห่งชาติศรีลานนา;ภาคเหนือ;ราชบุรี;ประเทศไทย	LOCATION
2021	กรุงเทพฯ;สำนักงานใหญ่54;BOT MAGAZINE;สุพรรณบุรี;อาคาร 1;อาคาร 2;ศูนย์การเรียนรู้;สำนักงานองค์กs Carbon Neutralภาคเหนือ;ไทย;ไทย;ไทย;เขตชลประทาน;ไทย;ฮ่องกง;ยุโรป;ทวีปเอเชีย;มาเลเซีย;ห้องสมุดพระองค์เจ้าวิวัฒนไชย;ศูนย์การเรียนรู้	LOCATION
2022	สหราชอาณาจักร;สหราชอาณาจักร;อังกฤษ;สหราชอาณาจักร;ประเทศไทย	LOCATION
2012		LAW
2013	พระราชบัญญัติหลักประกันทางธุรกิจ;พระราชบัญญัติหลักประกัน	LAW
2014	ร่างพระราชบัญญัติการทวงถามหนี้	LAW
2015	รัฐธรรมนูญ	LAW
2016		LAW
2017		LAW
2018	รัฐธรรมนูญ;รัฐธรรมนูญแห่งราชอาณาจักรไทย พ.ศ. 2560;กฎหมายคุ้มครองผู้บริโภค	LAW
2019		LAW
2020		LAW
2021		LAW
2022		LAW
2012	ความกระจ่าง;ให้ความรู้;หมดสิ้น;พัฒนา;มากยิ่งขึ้น;เกี่ยวข้อง;เพื่อน;ปราบปราม;ป้องกัน;ติดตาม;พยายาม;ส่วนตัว;ปกป้อง;ปลอดภัย;บริการ;พิจารณา;คุ้มครอง;ตัดสินใจ;เข้าใจ;ตกเป็น;เหมือน;แนะนำ;เผยแพร่;รู้จัก;ติดต่อ;เหมาะสม;สนับสนุน;ยินดี;พร้อม;ผลักดัน;ยื่นมือ;เลือก;ตระหนักถึง;เฉียง;ทุกฝ่าย;ต่อเนื่อง;ทำหน้าที่;เริ่ม;ปรับปรุง;ประกาศ;กลายเป็น;สร้างเสริม;ก่อตั้ง;จัดการ;พัฒนา;ลาออก;กระตุ้น;สร้าง;ได้รับ;ให้คำปรึกษา;ส่วนตัว;รวมถึง;ทอดทิ้ง;จัดตั้ง;เกิดขึ้น;บรรยาย;ทุกคน;มีชีวิต;เรื่อย ๆ;ริเริ่ม;ทำให้;มากกว่า;ดำเนิน;ยังมี;ส่งเสริม;ดำเนินการ;ทำให้เกิด;การลงทุน;มีบทบาท;เผยแพร่;สังคม;ใช้เวลา;ติดต่อ;ประกอบด้วย;เชื่อ;คิดถึง;สะท้อน;ทำงาน;การป้องกัน;เป็นประโยชน์;หมุนเวียน;เป็นผล;ได้แก่	ACTION
2013	แก้ไข;เกี่ยวข้อง;ติดตาม;จัดตั้งขึ้น;ได้รับ;เป็นทางการ;รวมถึง;บริการ;การกำกับ;เกิดขึ้น;ประสาน;วางแผน;กำหนด;ชำระหนี้;คุ้มครอง;กล่าว;แนะนำ;ที่ผ่านมา;อธิบาย;อันเป็น;รู้จัก;ตั้งขึ้น;ถือเป็น;มีประสิทธิภาพ;มาจาก;เป็นระบบ;ให้ความรู้;กลายเป็น;น้อยกว่า;เป็นเรื่อง;พึงพอใจ;ปล่อย;เกี่ยวข้อง;บริหาร;ประกัน;รายย่อย;มีวินัย;สร้าง;ได้รับ;พยายาม;รวมถึง;บริการ;ทางการเงิน;ยอมรับ;ประกอบ;เสริม;กำหนด;ประสาน;เข้าใจ;น่าจะเป็น;ทำให้;เรียนรู้;เจริญ;พันธมิตร;แพร่หลาย;ยังมี;บรรจุ;แก้ปัญหา;ยัดเยียด;แทรกซึม;เผยแพร่;ปลูกฝัง;สื่อสาร;หมายถึง;ใช้เวลา;ติดต่อ;พร้อม;รู้จัก;เหมาะสม;ถือเป็น;ให้ความสำคัญ;กระทบ;ประกอบด้วย;นำไปใช้;วิเคราะห์;เข้ามา;เป็นประโยชน์;เป็นผล;บังคับ;สะดวก;ทำหน้าที่;เปรียบเสมือน;จัดการ;เชื้อเชิญ;ประเมิน;เงินออม;บริหาร;นิสัย;เปรียบเทียบ;ติดตาม;ใช้จ่าย;สร้าง;ได้รับ;ให้คำปรึกษา;ที่เกิด;นำเสนอ;ปฏิบัติ;บริการ;พวกเขา;พึงระวัง;รวมถึง;ปลอดภัย;ทางการเงิน;มั่นคง;จัดแสดง;รักษา;อิสระ;จัดระเบียบ;ตรวจทาน;วางแผน;ตรวจสอบ;ตัดสินใจ;ขึ้นกับ;เรียบเรียง;ให้เงิน;ทำให้;เรียนรู้;เท่าทัน;เคล็ดลับ;เพิ่ม;ดีกว่า;ส่งเสริม;ดำเนินการ;ตั้งเป้าหมาย;สิทธิ;รู้จัก;เหมาะสม;พร้อม;ร้องเรียน;เพียงพอ;แนะแนว;เลือก;ฝากเงิน;เตรียมพร้อม;ประยุกต์ใช้;ทำความเข้าใจ;ต้องการ;มีความรู้;เริ่ม;เคลื่อนที่;เข้าถึง;ควบคู่;ให้บริการ;เชื่อมโยง;ก่อให้เกิด;ดำเนินงาน;พัฒนา;คำนวณ;เกี่ยวข้อง;จัดทำ;ติดตาม;แจกจ่าย;มอบให้;ได้รับ;นำเสนอ;รวมถึง;กระจาย;บริการ;เหมาะ;ทั่วถึง;ใช้งาน;มั่นคง;สำรวจ;เห็นผล;จัดแสดง;ประกอบ;กำหนด;คุ้มครอง;มีส่วนช่วย;ยั่งยืน;โฟกัส;เท่าทัน;ปฏิบัติงาน;เพิ่ม;เติบโต;ครบกำหนด;ยังมี;แทนที่;วางนโยบาย;ดำเนินการ;ส่งเสริม;ครอบคลุม;ปลูกฝัง;เผยแพร่;ให้การ;มีแผน;นำมาใช้;อาศัย;มีประสิทธิภาพ;สอบถาม;มุ่งมั่น;วิเคราะห์;นอกเหนือ;เป็นประโยชน์;ต้องการ;ได้แก่;ต่อเนื่อง;ให้ความรู้;เข้าถึง;เปิดเผย;รางวัล;เป็นการ;น่าอยู่;จัดการ;สรรหา;พัฒนา;ก่อตั้ง;ประกอบธุรกิจ;เกี่ยวข้อง;บริหาร;ปรีดิ;รับเชิญ;สร้าง;เป็นทางการ;ปฏิบัติ;ส่งผล;ตรวจสอบ;กล่าว;ทำให้;มีส่วนช่วย;ยั่งยืน;มีส่วน;เป็นเกียรติ;เจริญ;เสริมสร้าง;ดำเนิน;เติบโต;ส่งเสริม;ยกระดับ;เผยแพร่;ยินดี;หมายถึง;ประกอบด้วย;สนับสนุน;มีส่วนร่วม;สะท้อน;แข็งแกร่ง;ขับเคลื่อน;ยืนหยัด;ร่วมกับ;เข้ามา;น่าเชื่อถือ;เล็งเห็น;เป็นผล;จัดงาน;ได้แก่;ต่อเนื่อง;เท่าเทียม;เข้าถึง;ศึกษา;ลงมือ;กลายเป็น;พบเห็น;ปล่อย;เกี่ยวข้อง;เปิดโอกาส;ส่งออก;จัดทำ;พยายาม;ได้รับ;ทั่วถึง;พวกเขา;เกิดขึ้น;ส่งผล;มีเงิน;มั่นใจ;ทำให้;ดำเนิน;ดำเนินการ;มุ่งหมาย;หมายถึง;สนับสนุน;แนวคิด;เพียงพอ;เดินหน้า;วิเคราะห์;หันไป;กำกับ;จำเป็น;เริ่ม;เข้าไป;เข้าถึง;ทำเป็น;มีโอกาส;พัฒนา;จัดทำ;ได้รับ;รวมถึง;บริการ;สำรวจ;ประชุม;ประกอบ;มั่นใจ;ตัดสินใจ;ทำให้;ไม่ค่อย;เติบโต;ส่งเสริม;เพิ่มเติม;ได้มาตรฐาน;สนับสนุน;ลำบาก;เพียงพอ;กระทบ;การป้องกัน;ร่วมกับ;เป็นระบบ;ต้องการ;ต่อเนื่อง;ให้ความรู้;ที่เชื่อถือได้;เข้าไป;เข้าถึง;จัดการ;เรื่อง;บริหาร;เกี่ยวข้อง;คาดหวัง;เปรียบเทียบ;จัดทำ;ได้รับ;รวมถึง;พวกเขา;เกื้อหนุน;สอดคล้อง;กล่าว;รับมือ;ทำให้;ร่วมมือ;ตระหนัก;เพิ่ม;ส่งเสริม;ให้การ;ติดต่อ;สนับสนุน;แข็งแกร่ง;ขับเคลื่อน;เดินหน้า;ทำงาน;เตรียมพร้อม;ความมั่นใจ;จำเป็น;ต้องการ;เพิ่มขึ้น;เห็นภาพ;ให้บริการ;ยืดหยุ่น;ตามกฎหมาย;พัฒนา;เกี่ยวข้อง;อำนวย;ประกัน;น่าสนใจ;หลักประกัน;จัดทำ;พยายาม;ได้ประโยชน์;ได้รับ;รวมถึง;กระจาย;บริการ;พูดคุย;พิจารณา;ประกอบ;ประสาน;เข้าใจ;แตกต่าง;เหมือน;ทำให้;แบ่งปัน;ตอบรับ;ช่วยเหลือ;ร่วมมือร่วมใจ;นำมาใช้;ยังมี;ดำเนิน;การทำงาน;ค้ำประกัน;เปลี่ยน;รวบรวม;ครอบคลุม;ให้การ;เพิ่มเติม;ติดต่อ;ประมวลผลข้อมูล;เหมาะสม;สนับสนุน;พร้อม;เชื่อมต่อ;ชี้แนะ;ผลักดัน;เพียงพอ;ทำงาน;ส่งกลับ;ร่วมกับ;เปลี่ยนแปลง;การพิจารณา;ช่วยกัน;กำกับ;เป็นประโยชน์;ทุกฝ่าย;สำเร็จ;ทำหน้าที่;เริ่ม;ดีขึ้น;เข้าไป;ปรับปรุง;ควบคุม;การค้า;คล่องตัว;ระมัดระวัง;ให้บริการ;นำไปสู่;มุ่งเน้น;เปลี่ยนเป็น;มีโอกาส;บริหาร;เป็นราย;ขอให้;แข่งขัน;ปรับตัว;พยายาม;ได้ประโยชน์;นับว่า;คำนึงถึง;อุปโภค;บริการ;เลือกสรร;ระวัง;ยอมรับ;เป็นไป;ตีความ;มีความจำเป็น;เข้าใจ;ตัดสินใจ;เหมือน;ทำให้;ความจำเป็น;ต่าง ๆ;คล้าย ๆ;เต็มที่;ดำเนินการ;ท้าทาย;รู้จัก;เหมาะสม;โปร่งใส;อาศัย;ชี้แนะ;แข็งแกร่ง;ทำงาน;เลือก;เป็นประโยชน์;กำกับ;เผชิญ;แยกแยะ;ได้แก่;เพิ่มขึ้น;ทำหน้าที่;เริ่ม;ควบคุม;หาเงิน;ยังอยู่;ค้นหา;กลายเป็น;เรียก;จัดการ;เป็นเรื่อง;บริหาร;เนี่ย;คำนวณ;เหลืออยู่;มีชื่อเสียง;มีประโยชน์;ได้ประโยชน์;ตัดราคา;เยี่ยม;ทำเงิน;กำหนด;ขีดเขียน;คุ้มครอง;ประกบ;ต่างกัน;ทำให้;กระเดียด;เชื่อ;ได้รับการยกย่อง;รู้จัก;หมายถึง;เข้าแทรกแซง;ตำหนิ;คิดถึง;ล้มเหลว;มีประสิทธิภาพ;อัธยาศัย;แทรกแซง;วิพากษ์วิจารณ์;ได้แก่;ชดเชย;เข้าไป;สัญญา;บริการ;สินเชื่อ;ปลอมแปลง;มีวินัย;เข้าถึง;เท่าเทียมกัน;ขับเคลื่อน;ควบคู่;ได้รับ;นำไปสู่;การพัฒนา;บริการ;อาวุโส;จำเป็น;ดำเนินการ;มีความรู้;ปรับเปลี่ยน;ความเป็นอยู่;ผู้อำนวยการ;วางแผน;ถ่ายทอด;ควบคู่;นำไปสู่;กลายเป็น;เกาะกลุ่ม;ยกตัวอย่าง;เกี่ยวข้อง;เทียบ;มีเสียง;ถูกต้อง;กระตุ้น;สร้าง;พยายาม;ตั้งเป้า;รวมถึง;บริการ;ทางการเงิน;สำรวจ;เกิดขึ้น;ประสาน;วางแผน;จัดสรร;ทำให้;ปรับโครงสร้าง;จัดสรรเงิน;ยั่งยืน;บรรเทา;ร่วมมือ;เริ่ม;ชัดแจ้ง;หันมา;ยังมี;ส่งเสริม;ทำให้เกิด;แก้ไขปัญหา;ปรับเปลี่ยน;ให้ได้;ปลูกฝัง;รู้จัก;ใช้เวลา;รณรงค์;เหมาะสม;รับฟัง;สนับสนุน;ต่ำกว่า;ถือเป็น;ยื่นมือ;เดินหน้า;เพียงพอ;นำไปใช้;มาจาก;ตระหนักถึง;วิเคราะห์;เข้ามา;ให้ความสำคัญ;ร่วมกับ;จำเป็น;ไม่ต้อง;ได้แก่;ให้ความรู้;เข้าถึง;ทางการ;ให้บริการ;มีโอกาส;พัฒนา;มัธยมศึกษาตอนปลาย;เกี่ยวข้อง;ชี้ให้เห็น;เปิดโอกาส;ประกวด;จัดทำ;สร้าง;ได้รับ;ที่เกิด;รวมถึง;สมดุล;เกิดขึ้น;ประสาน;เสริม;วางแผน;คุ้มครอง;เข้าใจ;ทำลาย;ต่าง ๆ;อธิบาย;เติบโต;เป็นหนึ่ง;ส่งเสริม;เงินได้;ดำเนินการ;สังคม;เหมาะสม;สนับสนุน;รับฟัง;ให้ความสำคัญ;ถือเป็น;ขับเคลื่อน;ร่วมกับ;ได้แก่;ทำหน้าที่;ให้ความรู้	ACTION
2014	เข้าถึง;จัดการ;บริหาร;คำนวณ;เงินก้อน;สร้าง;ได้รับ;บริการ;คำนึง;ปรึกษา;ประกอบการ;พิจารณา;แสดงความคิดเห็น;คุ้มครอง;สอดคล้อง;กลโกง;แนะนำ;ใช้ชีวิต;ยังมี;ส่งเสริม;เผยแพร่;มีประสิทธิภาพ;สอบถาม;มาจาก;เปิดช่อง;เข้ามา;เตือนภัย;เต็มใจ;ต่อเนื่อง;ทำหน้าที่;ให้ความรู้;มีผลต่อ;ให้บริการ;พบเห็น;แสดงออก;พัฒนา;แก้ไข;เพื่อน;ชี้ให้เห็น;แล้วก็;สนุกสนาน;สร้าง;มีชื่อเสียง;ได้รับ;นำเสนอ;รวมถึง;บริการ;อมยิ้ม;ส่งต่อ;อิสระ;วางแผน;เขียน;กำหนด;ส่งผล;ที่นั่ง;ประสบความสำเร็จ;ตัดสินใจ;สัมพันธ์;ดำเนิน;การเปลี่ยนแปลง;ดำเนินการ;สร้างสรรค์;แก้ไขปัญหา;เขียนหนังสือ;รวบรวม;ครอบคลุม;รับรู้;ถือเป็น;ที่ทำงาน;ทำงาน;ขับเคลื่อน;กระทบ;มาจาก;เป็นประโยชน์;สัมภาษณ์;กล่าวถึง;พึ่งพา;เป็นเวลา;เข้าถึง;ศึกษา;ลงทุน;ให้บริการ;นำไปสู่;เชื่อมโยง;จัดการ;บรรลุ;พัฒนา;ปล่อย;มีโอกาส;รองรับ;ทุ่มเท;มอบหมาย;ขอให้;เข้าร่วม;เปรียบเทียบ;เป็นไปได้;ครบวงจร;จัดทำ;หลักประกัน;พยายาม;เอสเอ็มอี;ให้คำปรึกษา;ได้รับ;ทำได้;มีระบบ;ปรึกษา;บริการ;จัดตั้ง;ยอมรับ;พิจารณา;กำหนด;ธนาคารพาณิชย์;สินเชื่อ;เตรียม;เข้าใจ;สอดคล้อง;กล่าว;เหมือน;ทำให้;ให้เงิน;ร่วมมือ;เจริญ;สูญเสีย;อธิบาย;ช่วยเหลือ;เติบโต;เปลี่ยน;ส่งเสริม;ทำให้เกิด;รับทราบ;เชื่อ;อนุมัติ;เหมาะสม;สนับสนุน;ต่ำกว่า;เป็นธรรมชาติ;ถือเป็น;ให้ความสำคัญ;วิเคราะห์;เข้ามา;การอนุญาต;กำกับ;จ่ายคืน;จำเป็น;ถ่ายทอด;เรียก;เพิ่มขึ้น;ทำหน้าที่;ธนาคารออมสิน;ผลักดัน;มือถือ;ได้รับ;นำเสนอ;เต็มใจ;ให้ความรู้;หน่วง;ติดต่อสอบถาม;เติบโต;ประเมิน;รักษา;ยกระดับ;ประสาน;วิพากษ์;จัดสรร;เป็นต้นไป;คุ้มครอง;ข่มขู่;เท่าที่ควร;เปิดเผย;เกี่ยวข้อง;เปิดโอกาส;ไม่ต้องการ;สงสัย;ได้รับ;คำนึงถึง;พูดจา;พิจารณา;รักษา;กำหนด;ต่างกัน;เสนอขาย;บรรเทา;ทำให้;เดบิต;ส่งเสริม;ทำให้เกิด;ทำการ;เชื่อ;พร้อม;ต้องการ;ผูกโยง;รับผิดชอบ;ประกาศ;โดยไม่เปิดเผย;ให้บริการ;เหมือนกัน;มาถึง;ป้องกัน;ยินยอม;ได้ยิน;ปฏิบัติ;ทางการเงิน;เกิดขึ้น;ปฏิเสธ;เข้าใจ;สุภาพ;ปฏิบัติตาม;ขอรับ;ยอมให้;ติดต่อ;รำคาญใจ;ร้องเรียน;แสดงตน;รบกวน;เรียก;ประสบปัญหา;ยกตัวอย่าง;ขอความร่วมมือ;บริการ;ได้มา;จ้างงาน;ดำเนินการ;เพิ่มเติม;ใช้เวลา;เหมาะสม;แสดงว่า;เลือก;กำกับ;เจ้าหน้า;เฉลี่ย;ทำร้ายร่างกาย;เปิดบัญชี;เสียเวลา;ประกอบธุรกิจ;ปิดผนึก;ติดตาม;ใกล้เคียง;สร้าง;ไถ่ถอน;ทำได้;ประกอบ;ว่าจ้าง;คุ้มครอง;ตรวจสอบ;ขออภัย;ใบอนุญาต;ให้การ;เข้าใจผิด;การป้องกัน;ทำงาน;ทวงถาม;ต่อเนื่อง;ทำหน้าที่;ประสานงาน;ทวงหนี้;อ้างว่า;ประจำ;ก่อให้เกิด;เป็นการ;เทียบ;เปรียบเทียบ;ได้รับ;บริการ;ส่งผล;สินเชื่อ;คุ้มครอง;ทำให้;เงินฝาก;เดบิต;อับอาย;ดำเนินการ;อนุมัติ;เหมาะสม;ร้องเรียน;เรียก;เพิ่มขึ้น	ACTION
2015	เป็นเหตุให้;สรรหา;เปิดเผย;เกี่ยวข้อง;แสดงถึง;ได้รับ;คำนึงถึง;เยาวชน;รวมถึง;ตั้งใจ;การกำกับ;รั่วไหล;กำหนด;ทำให้;เจริญ;เรียน;บิดเบือน;ผลักดัน;เตือน;จำเป็น;ปรับปรุง;รับผิดชอบ;ความนิยม;เข้าถึง;แก้ไข;พัฒนา;ปล่อย;บริหาร;เทียบ;วางรากฐาน;พยายาม;ปฏิบัติ;เกิดขึ้น;เข้าใจ;มีประสิทธิภาพ;จัดระบบ;น้อยที่สุด;ก่อให้เกิด;พูดถึง;ประสบปัญหา;เป็นที่ยอมรับ;อำนวย;กระตุ้น;กระจาย;จัดตั้ง;ทับซ้อน;อธิบาย;เพิ่ม;ขัดกัน;ดำเนินการ;แก้ปัญหา;เหมาะสม;ท้อถอย;กำกับ;สำเร็จ;เข้าไป;บุญคุณ;ระลึกถึง;แต่งตั้ง;การหารือ;แข่งขัน;ติดตาม;จัดทำ;เท่าเทียมกัน;ทำได้;รู้ความ;ปรึกษา;ส่งผล;มั่นใจ;ตรวจสอบ;ตามกำลัง;ตระหนัก;เติบโต;เหลือ;ตอบแทน;บรรจุ;เห็นด้วย;ทำงาน;นึกถึง;ประสบ;ต่อเนื่อง;ทำหน้าที่;มองข้าม;เข้าถึง;ศึกษา;ควบคู่;จัดจ้าง;นำไปสู่;มุ่งเน้น;ก่อให้เกิด;ตรงจุด;จัดการ;พัฒนา;เป็นเรื่อง;บรรยาย;เงินปี;กำหนด;วางแผน;คุ้มครอง;ได้ผล;ทำให้;ประเมินผล;บริโภค;ดูแลตัวเอง;ส่งเสริม;ปรับเปลี่ยน;เผยแพร่;รู้จัก;สื่อสาร;เหมาะสม;หมายถึง;ใช้เวลา;มีประสิทธิภาพ;สมบูรณ์;น่าพอใจ;ร่วมกับ;จัดกิจกรรม;มีความรู้;ให้ความรู้;ดีขึ้น;ติดตั้ง;รับผิดชอบ;ประกาศ;ยึดมั่น;ออกแบบ;เปิดเผย;เป็นการ;ซื่อสัตย์สุจริต;พัฒนา;ประกอบธุรกิจ;มีคุณค่า;ปรีดิ;โดยรวม;แข่งขัน;พิสูจน์;คัดเลือก;สร้าง;นับว่า;ได้รับ;พิจารณา;ดีเด่น;เจริญเติบโต;ประสบความสำเร็จ;ตรวจสอบ;สอดคล้อง;กล่าว;เสนอขาย;ทำให้;ริเริ่ม;รับรางวัล;เนื่องใน;มีส่วน;ตระหนัก;ดำเนิน;เสริมสร้าง;บันทึก;จำกัด;ส่งเสริม;เข้าสู่;อันเป็น;น่ายินดี;รับทราบ;ชื่นชม;เชื่อ;ยกย่อง;หมายถึง;เหมาะสม;สนับสนุน;ควรค่า;แข็งแกร่ง;ยื่นมือ;ร่วมกับ;ตระหนักถึง;เข้ามา;ช่วยกัน;ให้กำลังใจ;เชิญชวน;ได้แก่;ต่อเนื่อง;เริ่ม;ศึกษา;ครองชีพ;กลายเป็น;ก่อให้เกิด;จัดการ;จนมุม;พัฒนา;มีคุณค่า;ใจถึง;ป้องกัน;กึกก้อง;สร้าง;คำนึงถึง;แสดงให้เห็น;นำเสนอ;ทั่วถึง;จัดตั้ง;ยอมรับ;สมดุล;เกิดขึ้น;พิจารณา;ทางการเงิน;รับประโยชน์;กล่าว;ริเริ่ม;ทำให้;สัมพันธ์;แนะนำ;ยั่งยืน;มีความหมาย;เจริญ;การพัฒนา;เติบโต;ส่งเสริม;สร้างสรรค์;มีบทบาท;หมายถึง;พร้อม;มีประสิทธิภาพ;กำกับ;เป็นประโยชน์;ตอกย้ำ;กล่าวถึง;เกียรตินิยม;ได้แก่;e-Business;ควบคู่;ออกแบบ;ให้บริการ;นำไปสู่;เชื่อมโยง;ดำเนินงาน;พัฒนา;เหมาะกับ;เอาเปรียบ;เหมือนกัน;เกี่ยวข้อง;ชี้ให้เห็น;บริหาร;ประสานงาน;ทัดเทียม;ติดตาม;รอบคอบ;กระตุ้น;สร้าง;ได้รับ;ให้คำปรึกษา;รวมถึง;กระจาย;ปฏิบัติหน้าที่;ปฏิบัติ;มั่นคง;เกิดผล;ทางการเงิน;พิจารณา;วางแผน;ประสาน;มีเงิน;หารือ;คุ้มครอง;เจาะลึก;ได้ผล;กล่าว;ต่างกัน;ทำให้;มีส่วนช่วย;เริ่ม;ยั่งยืน;ร่วมมือ;เรียนรู้;อธิบาย;เพิ่ม;เติบโต;ปัจจัยสำคัญ;ส่งเสริม;ดำเนินการ;ยกระดับ;อันเป็น;แก้ปัญหา;ทำให้เกิด;ปรับเปลี่ยน;มองว่า;เพิ่มเติม;อนุมัติ;เผยแพร่;เหมาะสม;รณรงค์;มีประสิทธิภาพ;ขับเคลื่อน;ทำงาน;ขยายผล;ถือเป็น;เลือก;วิเคราะห์;เพียงพอ;ตอกย้ำ;เรียก;ต่อเนื่อง;แลกเปลี่ยน;ให้ความรู้;ปรับปรุง;ตอบสนอง;พิชิต;เกี่ยวข้อง;รวมถึง;เปลี่ยนไป;เงินทอง;บรรยาย;พิจารณา;กำหนด;ประสาน;ทำให้;ตอบรับ;ส่งเสริม;เปลี่ยน;ผลักดัน;วิเคราะห์;เป็นประโยชน์;ต้องการ;ปรับปรุง;รับผิดชอบ;มีอิทธิพล;เข้าถึง;ออกแบบ;มีปัญหา;ความภูมิใจ;เป็นการ;แก้ไข;พัฒนา;เป็นอยู่;น่าสนใจ;พยายาม;แบกภาระ;เกิดขึ้น;เข้าใจ;ยังมี;การเปลี่ยนแปลง;มองว่า;การไตร่ตรอง;เผยแพร่;รู้จัก;มีประสิทธิภาพ;เพียงพอ;ร่วมกับ;ส่งผ่าน;ดีขึ้น;เป็นหนี้;ก่อให้เกิด;จัดการ;เพียงแค่;เงินผ่อน;กระตุ้น;ยุทธ์;ชำระหนี้;อธิบาย;เพิ่ม;ความเข้าใจ;รวบรวม;ปรับเปลี่ยน;ท้าทาย;เหมาะสม;รับฟัง;อาศัย;การปรับปรุง;ถือเป็น;นำไปใช้;เลือก;เข้ามา;เริ่ม;ลงมือ;จัดทำ;ติดตาม;สร้าง;คิดได้;ย้อนกลับ;วางแผน;ส่งผล;คุ้มครอง;เพิ่มประสิทธิภาพ;ดำเนิน;เหลือ;เข้าสู่;ให้การ;ทันท่วงที;ทำงาน;ทวงถาม;เล็งเห็น;กล่าวถึง;กู้ยืม;ต่อเนื่อง;ให้ความรู้;เยอะแยะ;ปีใหม่;รับได้;เอาตัวรอด;ลงทุน;หนี้สิน;ให้ความรู้;เป็นการ;จัดการ;เท่าไหร่;เงินออม;คำนวณ;เกี่ยวข้อง;มาถึง;เปรียบเทียบ;รายได้;น่าสนใจ;เรียกกันว่า;รักษาสุขภาพ;ใช้จ่าย;มอบให้;สร้าง;ได้รับ;หาทาง;รวมถึง;กระจาย;ทั่วถึง;ตั้งใจ;ปกป้อง;สำรวจ;แตกหน่อ;เท่ากัน;การสอน;เสริม;ทำกิจกรรม;คุ้มครอง;ตรวจสอบ;ทำให้;เพิ่ม;ต่อยอด;ยังมี;ชักชวน;เพิ่มเติม;พร้อม;เก็บรักษา;ฉุกเฉิน;ถือหุ้น;เลือก;จินตนาการ;น่าเชื่อถือ;จำเป็น;ต้องการ;หาว่า;สำเร็จ;ลงมือทำ;เริ่ม;ดีขึ้น	ACTION
2016	เบียดเบียน;รับผิดชอบ;ต้องตาม;ลงทุน;ตรงไปตรงมา;เชื่อมโยง;พูดถึง;จัดการ;มีโอกาส;พัฒนา;มุ่งหวัง;เอาเปรียบ;ประกอบธุรกิจ;ประยุกต์;พึงปรารถนา;หยั่งราก;แข่งขัน;ลาออก;สร้าง;คำนึงถึง;แสดงให้เห็น;ส่วนตัว;เชื่อมั่น;ปฏิบัติ;มองเห็น;เกียรติคุณ;มั่นคง;เกิดขึ้น;เน้นย้ำ;เทคโน;รับประโยชน์;กล่าว;ทำให้;ยั่งยืน;มีส่วน;ทุกข์;เรียนรู้;ใช้ชีวิต;ดำเนิน;จำกัด;ส่งเสริม;ใช้ได้;ยกระดับ;น่ายินดี;ให้การ;ได้รับการยกย่อง;ยึดถือ;บำเพ็ญ;ทำงาน;นึกถึง;ช่วยกัน;ผลประโยชน์;ได้แก่;สำเร็จ;ในอนาคต;ประกาศ;อายัด;ให้บริการ;วางแผนการ;จัดการ;แล้วเสร็จ;เกี่ยวข้อง;เปรียบเทียบ;รู้กัน;ติดตาม;สร้าง;การร้องเรียน;ไถ่ถอน;พยายาม;สงสัย;ได้รับ;บริการ;ติดต่อสอบถาม;เกิดขึ้น;รักษา;กำหนด;วางแผน;มั่นใจ;ตรวจสอบ;คุ้มครอง;แตกต่าง;ต่าง ๆ;ปฏิบัติงาน;ดำเนินการ;ยกระดับ;แก้ปัญหา;ยืนยัน;เผยแพร่;รู้จัก;ติดต่อ;ใช้เวลา;ร้องเรียน;มีประสิทธิภาพ;สอบถาม;เลือก;เจ้าของ;ที่ประกาศ;ต้องการ;รับเงิน;รู้สึก;ประสิทธิผล;เข้าถึง;ให้บริการ;การส่งออก;ก่อให้เกิด;เปิดเผย;ดำเนินงาน;ตรงจุด;ประเมิน;มีโอกาส;จัดการ;พัฒนา;บริหาร;เป็นที่ยอมรับ;ธนาคารออมสิน;อำนวย;มาถึง;ประสานงาน;นำเข้า;ป้องกัน;ประกัน;สร้าง;ได้รับ;เท่ากับ;ที่เกิด;ทำได้;รวมถึง;ความสำเร็จ;ปฏิบัติการ;ปฏิบัติ;ปรารถนา;บริการ;องค์ความรู้;ทางการเงิน;เกิดขึ้น;มีความจำเป็น;กำหนด;สินเชื่อ;กล่าว;แตกต่าง;ทำให้;ต่างกัน;ที่อยู่อาศัย;ประสงค์ดี;ร่วมมือ;อธิบาย;เพิ่ม;ต่อยอด;ดำเนิน;ยังมี;ประกันชีวิต;ดำเนินการ;แก้ปัญหา;ทำให้เกิด;เหมาะสม;สนับสนุน;เป็นไปตาม;ขับเคลื่อน;เพียงพอ;มีประสิทธิภาพ;ทำงาน;ให้ความสำคัญ;น่าเชื่อถือ;เผชิญ;ทำความเข้าใจ;กล่าวถึง;ตามมา;ได้แก่;เงินกู้;ทำหน้าที่;ให้ความรู้;ต่อเนื่อง;สอบทาน;ความสะดวก;เสวนา;เข้าถึง;ควบคู่;ให้บริการ;มีประวัติ;ประจำ;สรรหา;ดำเนินงาน;ก่อให้เกิด;เรียก;จัดการ;มีโอกาส;พัฒนา;ตอบสนอง;บริหาร;ป้องกัน;ติดตาม;สร้าง;นับว่า;ได้รับ;รวมถึง;กระจาย;บริการ;ปฏิบัติการ;มั่นคง;เกิดขึ้น;พิจารณา;เสริม;ส่งผล;อ่อนไหว;ตรวจสอบ;กล่าว;แตกต่าง;ยั่งยืน;ปฏิบัติภารกิจ;ดำเนิน;เติบโต;รับมอบหมาย;ส่งเสริม;เปลี่ยน;ยกระดับ;ทำให้เกิด;ประกอบด้วย;สนับสนุน;ถือเป็น;ขับเคลื่อน;เกริ่น;เตรียมพร้อม;เข้ามา;ช่วยกัน;กำกับ;จำเป็น;เกษตรและสหกรณ์;จัดงาน;ได้แก่;เพิ่มขึ้น;ทำหน้าที่;เบียดเบียน;ศึกษา;กลายเป็น;ห่างไกล;เป็นเรื่อง;เกี่ยวข้อง;ที่อยู่;เป็นไปได้;เสร็จ;ใช้จ่าย;ได้รับ;รวมถึง;ฟื้นฟู;ทำให้;ไม่ค่อย;พันธมิตร;เรียน;พอประมาณ;ส่งเสริม;ยินดี;ก่อสร้าง;กำชับ;สนับสนุน;สังคม;พร้อม;ผลักดัน;สัมภาษณ์;จำเป็น;ต้องการ;สะดวก;มาสู่;เศรษฐกิจพอเพียง;มีประสบการณ์;เติมเต็ม;เข้าถึง;มีปัญหา;ออกแบบ;ให้โอกาส;พัฒนา;บริหาร;ป้องกัน;ปฏิบัติ;ปลอดภัย;เกิดขึ้น;จัดแสดง;ทำลาย;พระราม;ยังมี;ลงทะเบียน;เผยแพร่;รู้จัก;ลงทุน;พูดถึง;พอเพียง;จัดการ;เพียงแค่;เป็นงาน;มีความรู้สึก;บริการ;จัดตั้ง;รวมไปถึง;เหมือน;ตั้งอยู่;จดทะเบียน;มีส่วน;อธิบาย;ยกระดับ;ควรจะเป็น;รู้ทาง;สะท้อน;เข้ามา;กำกับ;ลึกซึ้ง;ถูกต้องตามกฎหมาย;เริ่ม;ปรัชญา;ต่อเนื่อง;ใช้ประโยชน์;ประยุกต์;แข่งขัน;จัดทำ;สร้าง;เกิดผล;เป็นไป;พระมหากรุณาธิคุณ;ใช้ชีวิต;คิดลึก;เข้าใจผิด;ทำงาน;เข้มแข็ง;ส่วนรวม;มีความรู้;เพิ่มขึ้น;ให้ความรู้;ประสานงาน;รับผิดชอบ;เข้าถึง;ให้บริการ;พบเห็น;แอปพลิเคชัน;ยืดหยุ่น;พูดถึง;เป็นการ;แก้ไข;ตอบสนอง;รองรับ;เปิดโอกาส;ติดตาม;ป้ายโฆษณา;สร้าง;ได้รับ;หาทาง;เกิดขึ้น;รักษา;ความเป็นอยู่;อิสระ;กำหนด;เจาะลึก;เทรนด์;ทำให้;สังเกต;ร่วมมือ;ใส่ใจ;แบ่งปัน;เพิ่ม;เหลือ;บันทึก;จำลอง;ทำให้เกิด;ครอบคลุม;ประกอบด้วย;มีส่วนร่วม;ขับเคลื่อน;เข้ามา;คุ้มค่า;ต้องการ;ได้แก่;แลกเปลี่ยน;เริ่ม	ACTION
2017	ประกาศ;ตรงไปตรงมา;ประพฤติ;ซื่อสัตย์สุจริต;พัฒนา;ประกอบธุรกิจ;เกี่ยวข้อง;พยายาม;ได้รับ;ปฏิบัติ;ทุกคน;ยอมรับ;เกิดขึ้น;ยึดหลัก;ประกอบ;ยังมี;ส่งเสริม;ยินดี;ยึดถือ;ถือเป็น;ทำประโยชน์;เป็นประโยชน์;จัดงาน;ต่อเนื่อง;ลงมือทำ;ให้บริการ;ป้องกัน;สร้าง;ชำระเงิน;รวมถึง;บริการ;ยึดหลัก;ประสาน;คุ้มครอง;ทำให้;ยั่งยืน;พันธมิตร;เสริมสร้าง;ส่งเสริม;ดำเนินการ;ยกระดับ;ปรับเปลี่ยน;เผยแพร่;รู้จัก;ท้าทาย;เหมาะสม;พร้อม;ผลักดัน;เปลี่ยนแปลง;กำกับ;อีสาน;ให้ความรู้;มีความสำคัญ;กลายเป็น;เปิดเผย;เกี่ยวข้อง;คำนึงถึง;ได้รับ;บังคับใช้;รวมถึง;พิจารณา;ประสาน;เสนอขาย;ทำให้;หล่อหลอม;ปฏิบัติงาน;ส่งเสริม;เปลี่ยน;ทำให้เกิด;พร้อม;ต่ำกว่า;เก็บรักษา;ช่วยกัน;บังคับ;สอบทาน;ปรับปรุง;มาสู่;เข้าถึง;ให้บริการ;ดำเนินงาน;แก้ไข;เหมาะกับ;มากยิ่งขึ้น;คาดหวัง;เทียบ;เปรียบเทียบ;ลดน้อยลง;ดูแลเอาใจใส่;ปฏิบัติ;เกิดขึ้น;เข้าใจ;กล่าว;สั่งการ;มองว่า;ให้ได้;ครอบคลุม;ติดต่อ;ให้ความสำคัญ;รบกวน;เสี่ยง;เข้าพบ;ประเมิน;จัดการ;ถูกต้อง;กระตุ้น;จัดตั้ง;เน้นย้ำ;เงินฝาก;อธิบาย;มากกว่า;อนุญาต;ดำเนินการ;ยกระดับ;ควรจะเป็น;แก้ไขปัญหา;สรุปความ;เหมาะสม;สะท้อน;เลือก;ตระหนักถึง;กำกับ;ต่อเนื่อง;เข้าไป;มองข้าม;ควบคู่;จัดกลุ่ม;ประกอบธุรกิจ;ติดตาม;สร้าง;ลงโทษ;ประกอบ;ยึดหลัก;คุ้มครอง;ตรวจสอบ;สอดคล้อง;ตระหนัก;เติบโต;การรักษา;ประกอบด้วย;ขับเคลื่อน;ทำงาน;ได้แก่;เพิ่มขึ้น;ประสงค์;ทำหน้าที่;ให้ความรู้;เบียดเบียน;เศรษฐกิจพอเพียง;นำไปสู่;พัฒนา;เกี่ยวข้อง;รอบคอบ;กรุ่น;คำนึงถึง;คำนึง;ทั่วถึง;เตรียมตัว;เกิดขึ้น;เป็นไป;พิจารณา;ประกอบ;มีเหตุผล;ตั้งอยู่;ยั่งยืน;บริโภค;ดำเนิน;พอประมาณ;เพิ่มเติม;หมายถึง;มากเกินไป;พร้อม;ชี้แนะ;สืบสาน;เปลี่ยนแปลง;ได้แก่;ปรัชญา;พระบาทสมเด็จพระปรมินทรมหาภูมิพลอดุลยเดช	ACTION
2018	รับผิดชอบ;ควบคุม;ควบคู่;ให้บริการ;กลายเป็น;มุ่งเน้น;ก่อให้เกิด;นำไปสู่;แก้ไข;พัฒนา;ผู้อำนวยการ;เกี่ยวข้อง;ประกอบธุรกิจ;เปิดโอกาส;เปรียบเทียบ;จัดทำ;สัมผัส;ปรับตัว;ได้รับ;ทุกฝ่าย;ให้คำปรึกษา;รวมถึง;ความสำเร็จ;คำนึง;บริการ;ปฏิบัติ;พูดคุย;จัดตั้ง;มั่นคง;พิจารณา;กำหนด;ตรวจสอบ;คุ้มครอง;เข้าใจ;สอดคล้อง;เสนอขาย;ทำให้;เป็นธรรม;ยั่งยืน;ใส่ใจ;เรียนรู้;ร่วมมือ;ตระหนัก;กำหนดให้;ดำเนิน;เติบโต;ส่งเสริม;บรรจุ;ยกระดับ;ประกอบด้วย;มีส่วนร่วม;สนับสนุน;รับฟัง;สะท้อน;ให้ความสำคัญ;เพียงพอ;ผลักดัน;ถือเป็น;เลือก;ตระหนักถึง;เข้ามา;เอาจริง;กำกับ;บังคับ;ต้องการ;ประเด็น;ต่อเนื่อง;เริ่ม;ปรับปรุง;มาสู่;ควบคุม;ลงทุน;ระมัดระวัง;ให้บริการ;นำไปสู่;จัดกลุ่ม;เปิดเผย;มุ่งเน้น;เป็นการ;จัดการ;ประเมิน;การแข่งขัน;เอาเปรียบ;มุ่งหวัง;เกี่ยวข้อง;คาดหวัง;เปรียบเทียบ;จัดทำ;สัมผัส;พยายาม;ได้ประโยชน์;ลงโทษ;ได้รับ;รวมถึง;เปลี่ยนไป;บริการ;ทั่วถึง;ลงนาม;เชื่อมั่น;มั่นคง;เป็นไป;รักษา;ประกอบ;พิจารณา;กำหนด;ตรวจสอบ;รับประโยชน์;เข้าใจ;สอดคล้อง;กล่าว;ทำให้;คุ้นชิน;เป็นธรรม;เริ่ม;เต็มที่;ปฏิบัติงาน;อธิบาย;เติบโต;เหลือ;อนุญาต;บิดเบือน;รัดกุม;ยกระดับ;ปรับเปลี่ยน;ทำให้เกิด;แก้ปัญหา;รับทราบ;เชื่อ;เผยแพร่;เหมาะสม;สนับสนุน;มีส่วนร่วม;เป็นไปตาม;ผลักดัน;มีประสิทธิภาพ;เพียงพอ;มาจาก;รบกวน;กำกับ;ทำความเข้าใจ;บังคับ;ได้แก่;ต่อเนื่อง;ให้ความรู้;ดีขึ้น;ประชาชน;ทั่วไป;ปล่อยทิ้ง;เป็นปัญหา;เป็นเรื่อง;เกี่ยวข้อง;ได้รับ;ความแตกต่าง;ทุกคน;เห็นผล;พิจารณา;กำหนด;ต่างกัน;ทำให้;ที่ผ่านมา;ช่วยเหลือ;เปลี่ยน;ทำให้เกิด;สงบสุข;เกรงกลัว;แทรกแซง;รัฐธรรมนูญ;ปรับปรุง;จินดา;มาสู่;เข้าถึง;มีปัญหา;เป็นข่าว;ดำเนินงาน;แก้ไข;พัฒนา;ความเห็น;ปฏิบัติ;จริง ๆ;เป็นอิสระ;เกิดขึ้น;ยอมรับ;สอบสวน;มองว่า;เสมอภาค;ครอบคลุม;กระทำความผิด;บังคับการ;เพียงพอ;กระทบ;แจ้งความ;การปฏิรูป;แก้แค้น;เรียก;แลกเปลี่ยน;พูดถึง;ประเมิน;เสรีภาพ;จัดตั้ง;เพิ่ม;ได้รับความเดือดร้อน;รวบรวม;หมายถึง;เป็นไปตาม;กำกับ;สำเร็จ;บริหารงาน;ปฏิรูป;ติดคุก;จัดทำ;ติดตาม;สร้าง;เชื่อมั่น;ตรวจสอบ;ล่าช้า;ต่าง ๆ;ใช้ชีวิต;กำหนดให้;ตั้งเป้าหมาย;ประกอบด้วย;ขับเคลื่อน;เปลี่ยนแปลง;ได้แก่;ทำหน้าที่;รู้สึก;ประกันตัว;ติดตั้ง;เติมเต็ม;เข้าถึง;จัดการ;เดินทาง;เปรียบเทียบ;แสดงให้เห็น;รวมถึง;กระจาย;บริการ;ทั่วถึง;พิจารณา;ประกอบ;เข้าใจ;เพิ่ม;ยังมี;จำกัด;ส่งเสริม;ดำเนินการ;สนับสนุน;สะท้อน;ให้ความสำคัญ;มีประสิทธิภาพ;เข้ามา;ตามมา;ทำหน้าที่;เริ่ม;ความคิด;กลายเป็น;จัดการ;ประภพ;คำนึงถึง;ได้รับ;ส่งต่อ;นิยาม;ยึดหลัก;กล่าว;ทำให้;ลดทอน;อธิบาย;ดำเนิน;เติบโต;พอประมาณ;ส่งเสริม;มีบทบาท;เชื่อ;ความยั่งยืน;หมายถึง;สนับสนุน;ให้ความสำคัญ;รับผิดชอบ;ตั้งค่า;ควบคุม;เข้าถึง;ลงทุน;เฉพาะคน;มีผลต่อ;กลายเป็น;ทุกท่าน;มุ่งเน้น;เป็นการ;ประเมิน;ประภพ;พัฒนา;ปล่อย;บริหาร;ชี้ให้เห็น;รอบคอบ;บริหารธุรกิจ;สร้าง;เชื่อมั่น;รวมถึง;ปฏิบัติการ;บริการ;ดึงดูด;มั่นคง;เกิดขึ้น;จัดตั้ง;รักษา;ประกอบ;พิจารณา;ส่งผล;กำหนด;เสริม;จัดสรร;เตรียม;กล่าว;ทำให้;ทำหน้าที่;มีส่วน;เท่าทัน;เพิ่ม;เติบโต;เงินได้;การเปลี่ยนแปลง;ยกระดับ;รอบด้าน;เชื่อ;ท้าทาย;ประกอบด้วย;เหมาะสม;อาศัย;พร้อม;ให้ความสำคัญ;ทำงาน;ช่วยกัน;เอื้อ;กำกับ;ประยุกต์ใช้;ต้องการ;มีความรู้;ก้าวหน้า;เริ่ม;รับผิดชอบ;เสวนา;ควบคู่;ดำเนินงาน;เปิดเผย;พูดถึง;จัดการ;ปล่อย;บริหาร;เข้าไปมีส่วนร่วม;สร้าง;คำนึงถึง;รวมถึง;ปฏิบัติ;ทางการเงิน;เกิดขึ้น;ตรวจสอบ;คุ้มครอง;เข้าใจ;ทำให้;ยั่งยืน;เพิ่ม;ดำเนิน;ความเข้าใจ;ยังมี;เห็นด้วย;แก้ไขปัญหา;รู้ทาง;ประกอบด้วย;สนับสนุน;ถือเป็น;กระทบ;สถาบันการเงิน;เข้ามา;วิเคราะห์;กำกับ;ส่งผ่าน;ต่อเนื่อง;ชดเชย;ทำหน้าที่;ให้ความรู้;เพิ่มขึ้น;รับผิดชอบ;ตั้งค่า;ต่อต้าน;เคลื่อน;แก้ไข;รวมถึง;เปลี่ยนไป;เกิดขึ้น;ให้ความร่วมมือ;เสริม;จัดสรร;คุ้มครอง;กล่าว;แนะนำ;กรุงศรีอยุธยา;ยังมี;จำกัด;ส่งเสริม;ทำการ;ประกอบด้วย;เหมาะสม;มีประสิทธิภาพ;กำกับ;จำเป็น;ประพฤติผิด;จริงจัง;ต้องการ;คาดเดา;การกระทำ;ให้ความรู้;เพิ่มขึ้น;คลุมเครือ;ปรับปรุง;แสดงผล;เข้าถึง;นำไปสู่;ให้บริการ;มุ่งเน้น;มีโอกาส;ยิ่งยง;ปล่อย;ขึ้นอยู่กับ;บริหาร;เปิดบัญชี;สิ่งแวดล้อม;สร้าง;บริการ;ยอมรับ;ประกอบ;กำหนด;จัดสรร;ตื่นตัว;ทำให้;เปิดตัว;พัฒนาการ;ยั่งยืน;ตระหนัก;ตอบรับ;ปฏิบัติงาน;อธิบาย;ยังมี;จำกัด;ส่งเสริม;ดำเนินการ;บัญชีเงินฝาก;ท้าทาย;ความยั่งยืน;ประกอบด้วย;สถาบันการเงิน;ทำหน้าที่;ให้ความรู้;รับผิดชอบ;อ่านหนังสือ;ควบคู่;ค้นหา;ก่อให้เกิด;จัดการ;พัฒนา;ปล่อย;เป็นเรื่อง;เกี่ยวข้อง;จัดทำ;เท่าเทียมกัน;สร้าง;คำนึงถึง;ปรับตัว;นำเสนอ;ส่วนตัว;บริการ;เป็นผลดี;เกิดขึ้น;เขียน;สอดคล้อง;ทำให้;ยั่งยืน;หันมา;ดำเนิน;ส่งเสริม;รวบรวม;ปรับเปลี่ยน;วิพากษ์;ผสมผสาน;ท้าทาย;เผยแพร่;เชื่อ;สนับสนุน;วิจัย;ทำงาน;วิเคราะห์;สัมภาษณ์;เผชิญ;เป็นประโยชน์;กล่าวถึง;เริ่ม;ประจักษ์;นำไปสู่;ทดลอง;ตกปลา;เป็นการ;พอเพียง;จัดการ;พัฒนา;มุ่งหวัง;บริหาร;การหาปลา;เปรียบเทียบ;ปฏิบัติ;ส่งต่อ;รักษา;วางแผน;ยั่งยืน;ส่งเสริม;แก้ปัญหา;รู้จัก;เหมาะสม;พร้อม;ขับเคลื่อน;ร่วมกับ;ถ่ายทอด;เริ่ม;รับผิดชอบ;ประกาศ;ศึกษา;ควบคู่;ออกแบบ;แต่งตั้ง;มุ่งเน้น;ดำเนินงาน;เป็นการ;พอเพียง;พัฒนา;เปิดโอกาส;เรียง;ติดตาม;สร้าง;ทำได้;อาชีวศึกษา;เกิดขึ้น;วางแผน;ชนะเลิศ;เรียน;ส่งเสริม;เข้าสู่;ดำเนินการ;รวบรวม;จุดประกาย;ปลูกฝัง;สนับสนุน;ถือเป็น;ได้แก่;เลือก;วิเคราะห์;ประยุกต์ใช้;ตัดสิน;ถ่ายทอด;มิใช่;โดนใจ;ให้ความรู้;เหมาะสม;ขึ้นกับ;ทำให้;สร้าง;ช่วยกัน;เชื่อ;เอื้อ;ประภพ;พัฒนา;การเปลี่ยนแปลง;รักษา;จัดสรร;ทำหน้าที่;เริ่ม;ดีขึ้น;เท่าเทียม;เข้าถึง;ศึกษา;ใช้ประโยชน์;บรรลุ;จัดการ;พัฒนา;มีคุณค่า;จัดทำ;สร้าง;ทั่วถึง;ตั้งใจ;แบ่งแยก;ทุกคน;ความเป็นอยู่;บรรลุผล;ทำลาย;ทำให้;เชื่อถือได้;รับมือ;ยั่งยืน;การพัฒนา;จ้างงาน;สิ้นสุดลง;เสริมสร้าง;เติบโต;เมือง;ดำเนิน;ส่งเสริม;แก้ไขปัญหา;ครอบคลุม;ท้าทาย;เพิ่มเติม;ประกอบด้วย;สนับสนุน;พร้อม;เชื่อมต่อ;รับรอง;เผชิญ;ต้องการ;ได้แก่;สำเร็จ;ต่อเนื่อง;เข้าไป;ลงทุน;เพิ่มมากขึ้น;นำไปสู่;มุ่งเน้น;ก่อให้เกิด;ดำเนินงาน;จัดการ;เชิงลบ;แก้ไข;คาดหวัง;ความรับผิดชอบ;คำนึงถึง;รวมถึง;ตัดไม้ทำลายป่า;จัดตั้ง;เกิดขึ้น;ทุจริต;ปฏิเสธ;จัดสรร;ตัดสินใจ;กลับมา;เติบโต;ดำเนิน;ส่งเสริม;ดำเนินการ;แก้ไขปัญหา;ปรับเปลี่ยน;รวมตัวกัน;ความยั่งยืน;สนับสนุน;อาศัย;ลุกลาม;ขับเคลื่อน;มีประสิทธิภาพ;ความสำคัญ;เป็นกำลัง;ก้าวหน้า;เข้มงวด;เข้าถึง;ศึกษา;ดำเนินงาน;ฝังใน;เกี่ยวข้อง;ที่อยู่;ประกวด;ได้รับ;ทางการเงิน;มั่นคง;ประกอบ;ทุจริต;ส่งผล;เสริม;กำหนด;มีส่วน;เติบโต;ดำเนิน;ปฏิบัติตาม;ส่งเสริม;ดำเนินการ;ปรับเปลี่ยน;มีบทบาท;ความยั่งยืน;เหมาะสม;สนับสนุน;วิจัย;พร้อม;ให้ความสำคัญ;ผลักดัน;เลือก;ตระหนักถึง;ส่งผ่าน;จัดงาน;เรียก;ต่อเนื่อง;ให้ความรู้;ดีขึ้น;ลงทุน;เชื่อมโยง;จัดการ;พัฒนา;เกี่ยวข้อง;สิ่งแวดล้อม;สร้าง;คำนึงถึง;ได้รับ;รวมถึง;การผลักดัน;จัดตั้ง;มั่นคง;ส่งต่อ;ทำให้;ยั่งยืน;เติบโต;ส่งเสริม;ดำเนินการ;ยกระดับ;ผลตอบแทน;แก้ไขปัญหา;ให้ได้;ความยั่งยืน;สังคม;สนับสนุน;เกื้อกูล;เข้ามา;เป็นมิตร;เริ่ม;ดีขึ้น;เคลื่อน;พูดถึง;ประภพ;ได้ยิน;สร้าง;พยายาม;ได้รับ;พูดคุย;ส่งผล;จัดสรร;ตื่นตัว;ตระหนัก;เติบโต;ดำเนิน;ส่งเสริม;มองว่า;มีบทบาท;ความยั่งยืน;ผลักดัน;ตระหนักถึง;กำกับ;เป็นประโยชน์;เบียดเบียน;ในอนาคต;ประกาศ;ยังอยู่;เข้าถึง;ลงทุน;มีปัญหา;เฉพาะคน;นำไปสู่;กลายเป็น;เชื่อมโยง;เปิดเผย;พูดถึง;พระราชทาน;จัดการ;พัฒนา;เป็นปัญหา;หยุดชะงัก;ประกอบธุรกิจ;บริหาร;แก้ไข;สิ่งแวดล้อม;สร้าง;คำนึงถึง;ได้รับ;ปรับตัว;รวมถึง;ปฏิบัติ;คำนึง;ปฏิบัติการ;เกิดขึ้น;ยอมรับ;ร่วมงาน;กำหนด;ปฏิเสธ;ส่งผล;วัฒนา;ชุมนุม;จัดสรร;เริ่มต้น;มีผลกระทบ;เข้าใจ;ตื่นตัว;สอดคล้อง;ทำให้;บริจาค;ยั่งยืน;เริ่ม;ใส่ใจ;ตระหนัก;กำหนดให้;พอประมาณ;การเปลี่ยนแปลง;เปลี่ยน;หมายถึง;ในหลวง;อาศัย;ถือเป็น;ให้ความสำคัญ;กระทบ;ทำงาน;การแก้ปัญหา;มาจาก;เลือก;นึกถึง;เข้ามา;กลับกัน;เป็นประโยชน์;เผชิญ;คุ้มกัน;เพิ่มขึ้น;ปรัชญา;ความเสียหาย;ควบคู่;นำไปสู่;กลายเป็น;ดำเนินงาน;เป็นปัญหา;ทบทวน;มีโอกาส;ปล่อย;พัฒนา;ที่อยู่;ป้องกัน;รายได้;เสร็จ;จัดทำ;สร้าง;ได้รับ;คำนึงถึง;พยายาม;บริการ;จริง ๆ;เจรจา;ทางการเงิน;แน่ใจ;จัดตั้ง;หารือ;กำหนด;ปฏิเสธ;จัดสรร;สินเชื่อ;คุ้มครอง;อย่างไรบ้าง;ตรวจสอบ;เป็นตัว;กลับมา;ปรับโครงสร้าง;ร่วมมือ;ตระหนัก;การบริหาร;คอร์รัปชัน;ดำเนิน;เพิ่ม;ยังมี;โกงเงิน;ตกผลึก;ดำเนินการ;อันเป็น;มองว่า;น่ายินดี;แก้ปัญหา;มีบทบาท;ความยั่งยืน;ก่อสร้าง;เหมาะสม;บัตรเครดิต;ขับเคลื่อน;กระทบ;ทำงาน;ร่วมกับ;เข้ามา;เอื้อ;กำกับ;จำเป็น;ทุกฝ่าย;เสียชีวิต;เพิ่มขึ้น;ประสงค์;เริ่ม;ดีขึ้น;รับผิดชอบ;ควบคู่;ให้บริการ;ดำเนินงาน;ก่อให้เกิด;อ้างอิง;ปล่อย;ประกอบธุรกิจ;ประยุกต์;คำนึงถึง;รวมถึง;จัดอันดับ;เกิดขึ้น;ส่งต่อ;กำหนด;ประสบความสำเร็จ;จับต้อง;ริเริ่ม;สําคัญ;กำหนดให้;เติบโต;ดำเนิน;ยังมี;ส่งเสริม;ดำเนินการ;ความยั่งยืน;ประกอบด้วย;อาศัย;พร้อม;แนวคิด;ผลักดัน;ให้ความสำคัญ;ตระหนักถึง;สถาบันการเงิน;เป็นมิตร;ได้แก่;เริ่ม;เบียดเบียน;ศึกษา;มีปัญหา;คนรุ่นหลัง;จัดการ;พัฒนา;ตอบสนอง;ปล่อย;รวมกัน;ยิ่งใหญ่;ยากไร้;เรียกกันว่า;เท่าเทียมกัน;สร้าง;คำนึงถึง;พยายาม;ได้รับ;เป็นทางการ;ตั้งเป้า;กระจาย;บริการ;คุ้นเคย;เปลี่ยนไป;ตัดไม้ทำลายป่า;เกิดขึ้น;ดูแลรักษา;ประชุม;รักษา;นิยาม;โยงใย;กำหนด;เรื่อย ๆ;ทำลาย;ทำให้;ต่อสู้;เรียนรู้;ปลูกป่า;หันมา;เพิ่ม;เรียน;ส่งเสริม;อันเป็น;แก้ปัญหา;ความตื่นตัว;จุดประกาย;มีส่วนร่วม;ผลักดัน;ให้ความสำคัญ;ยากจน;นำไปใช้;เลือก;เข้ามา;นอกเหนือ;บรรลุเป้าหมาย;ต้องการ;ชดเชย;เดือดร้อน;เริ่ม;เฝ้ามอง;รับผิดชอบ;เข้าถึง;เคลื่อน;ทำเป็น;เป็นการ;พัฒนา;เลื่องลือ;เกี่ยวข้อง;ความเห็น;เอ่ยถึง;ถามถึง;ถูกต้อง;เท่าเทียมกัน;สร้าง;พยายาม;กระจาย;ตั้งใจ;ดึงดูด;ให้ความสนใจ;ทำผิดกฎหมาย;เครียด;เสียหาย;คุ้มครอง;ทำให้;ยั่งยืน;คิดออก;บริโภค;ตั้งความหวัง;เงินได้;ส่งเสริม;แก้ปัญหา;รวบรวม;สมัชชา;ให้ได้;ครอบคลุม;เพิ่มเติม;รณรงค์;มีส่วนร่วม;อาศัย;สนับสนุน;ยึดถือ;เหมาะสม;มีพลัง;ขับเคลื่อน;ทำงาน;บริษัทหลักทรัพย์;อาวุโส;เป็นประโยชน์;กำกับ;เชียงใหม่;เป็นผล;สำเร็จ;เอารัดเอาเปรียบ;แลกเปลี่ยน;เป็นเวลา;มาสู่;ควบคุม;เข้าถึง;ศึกษา;ใช้ประโยชน์;ให้บริการ;นำไปสู่;เชื่อมโยง;ดำเนินงาน;ก่อให้เกิด;เป็นปัญหา;อ้างอิง;พัฒนา;ประเมิน;จัดการ;เพียงแค่;ประยุกต์;ความรับผิดชอบ;ติดตาม;สร้าง;คำนึงถึง;ส่วนตัว;รวมถึง;ปฏิบัติการ;บริการ;ระวัง;เกิดขึ้น;สมดุล;กำหนด;ส่งผล;ทำให้;ต่าง ๆ;จับคู่;เท่าทัน;ดำเนิน;ขอรับ;เงินได้;แก้ปัญหา;ทำให้เกิด;เชื่อ;ท้าทาย;ให้การ;เหมาะสม;พร้อม;มีประสิทธิภาพ;เปลี่ยนแปลง;วิเคราะห์;กำกับ;ต้องการ;ถ่ายทอด;เพิ่มขึ้น;ทำหน้าที่;ระยะยาว;เข้าถึง;นำไปสู่;ให้บริการ;มุ่งเน้น;ก่อให้เกิด;บอกต่อ;เป็นการ;แสดงออก;พัฒนา;ตอบสนอง;มุ่งหวัง;มากยิ่งขึ้น;ปล่อย;เปิดโอกาส;คู่ขนาน;สร้างความสัมพันธ์;ปรับตัว;คำนึงถึง;บริการ;ฟอกเงิน;มีความจำเป็น;ความเป็นอยู่;ส่งผล;ปฏิเสธ;มั่นใจ;สินเชื่อ;รับประโยชน์;ยั่งยืน;เติบโต;ดำเนิน;ยังมี;ส่งเสริม;เงินได้;ทำให้เกิด;ยกระดับ;ขาดแคลน;เชื่อ;เป็นต่อ;หมายถึง;เหมาะสม;นำมาใช้;พร้อม;เพียงพอ;มาจาก;เข้ามา;อยู่รอด;เป็นประโยชน์;ประยุกต์ใช้;จำเป็น;ต่อเนื่อง;เปรียบ;เริ่ม;ดีขึ้น;รับผิดชอบ;เข้าถึง;ศึกษา;อ้างอิง;ประเมิน;พัฒนา;เหมาะกับ;ยกตัวอย่าง;มุ่งหวัง;เกี่ยวข้อง;รองรับ;สร้าง;คำนึงถึง;นับว่า;จริง ๆ;มั่นคง;เกิดขึ้น;นิยาม;ตรวจสอบ;เตรียม;ทับซ้อน;สิ้นสุด;กลับมา;ทำให้;ยั่งยืน;ตัวแทน;เกรียง;ดำเนิน;เติบโต;เสริมสร้าง;ต่อยอด;ส่งเสริม;ตอบแทน;ทำให้เกิด;แก้ไขปัญหา;เกิดเหตุ;จัดหา;รู้จัก;หมายถึง;เหมาะสม;สนับสนุน;พร้อม;แสวงหา;มีประสิทธิภาพ;ขับเคลื่อน;มาจาก;วิเคราะห์;เข้ามา;ได้แก่;พึ่งพา;ประกาศ;เข้าถึง;ให้บริการ;ชี้แจง;จัดการ;แก้ไข;ตอบสนอง;ขึ้นอยู่กับ;ประกอบธุรกิจ;คำนวณ;ประกัน;เปรียบเทียบ;เท่าเทียมกัน;นับว่า;ได้รับ;ชำระคืน;มูลค่า;รวมถึง;ผู้ให้;บริการ;ทั่วถึง;สำรวจ;มีความจำเป็น;กำหนด;ประกอบ;เตรียม;คุ้มครอง;ลุกขึ้น;ต่างกัน;กล่าว;ทำให้;บรรเทา;เป็นธรรม;คงอยู่;อธิบาย;เพิ่ม;ประมวล;ส่งเสริม;ยกระดับ;เชื่อได้;รับทราบ;รวบรวม;ทำให้เกิด;ยกเลิก;เหมาะสม;สนับสนุน;พร้อม;ต่ำกว่า;เอื้อ;กำกับ;เล็งเห็น;ต้องการ;เอารัดเอาเปรียบ;ดีขึ้น;รู้สึก	ACTION
2019	เข้าถึง;ออกแบบ;มีปัญหา;ให้บริการ;มุ่งเน้น;ก่อให้เกิด;ดำเนินงาน;เรียก;เอาเปรียบ;ประกอบธุรกิจ;เกี่ยวข้อง;เทียบ;แข่งขัน;ติดตาม;ในแง่;ได้รับ;มูลค่า;พยายาม;ชำระเงิน;เชื่อมั่น;กระจาย;บริการ;รักษา;ประกอบ;กำหนด;ส่งผล;มั่นใจ;สินเชื่อ;คุ้มครอง;ตัดสินใจ;สอดคล้อง;กู้ยืม;ทำให้;ยั่งยืน;เต็มที่;ใช้กับ;จำกัด;ส่งเสริม;เหมาะสม;มีประสิทธิภาพ;เพียงพอ;เลือก;เข้ามา;กำกับ;เล็งเห็น;การเงิน;รับคืน;ได้แก่;ต่อเนื่อง;ทำหน้าที่;เข้าไป;เข้มงวด;ลงมือ;นำไปสู่;แก้ไข;พัฒนา;เป็นเรื่อง;เกี่ยวข้อง;ชี้ให้เห็น;พิสูจน์;น่าสนใจ;สนุกสนาน;แสดงถึง;กระตุ้น;สร้าง;รวมถึง;ปฏิบัติ;มองเห็น;ความสำเร็จ;ทุกคน;การสอน;วางแผน;ทำกิจกรรม;เตรียม;เป็นเพื่อน;มีความรู้;ทำให้;เริ่ม;ร่วมมือ;จำกัด;ส่งเสริม;เปลี่ยน;แก้ปัญหา;ปลูกฝัง;รู้จัก;เหมาะสม;ถือเป็น;ตระหนักถึง;เข้มแข็ง;ต้องการ;ตามมา;ขยายผล;ให้ความรู้;เหมาะสม;เข้าถึง;ได้รับ;เป็นธรรม;เข้ามา;บริการ;กำกับ;ประกอบการ;คิดดอกเบี้ย;ประกอบธุรกิจ;กู้ยืม;ประกัน;กลายเป็น;จัดการ;พัฒนา;รองรับ;บริหาร;เข้าร่วม;ติดตาม;รวมกลุ่ม;ดีขึ้น;สร้าง;นับว่า;มูลค่า;ได้ประโยชน์;คำนึงถึง;ประสบ;จัดตั้ง;การซ่อมแซม;วางแผน;ต่างกัน;ทำให้;การบริหาร;เพิ่ม;มากกว่า;เหลือ;ยังมี;การเปลี่ยนแปลง;ส่งเสริม;ตั้งเป้าหมาย;เข้าสู่;เลี้ยง;ทำการ;เหมาะสม;สนับสนุน;เลือก;วิเคราะห์;เปื่อย;ต้องการ;ถ่ายทอด;กักเก็บ;ชำนาญ;เริ่ม;เพิ่มขึ้น;รับฟัง;เพาะปลูก;สร้าง;ได้รับ;เพียงพอ;พยายาม;เข้ามา;ความช่วยเหลือ;ดำเนิน;เปื่อย;พัฒนา;ส่งเสริม;ผู้อำนวยการ;แก้ปัญหา;ต่อเนื่อง;ประยุกต์;สร้าง;เฉลี่ย;ยั่งยืน;สืบสาน;ร่วมมือ;การพัฒนา;เดือด;เข้ามา;ช่วยเหลือ;จัดการ;เปื่อย;บริหาร;ความเป็นอยู่;ครอบคลุม;ประสบความสำเร็จ;มาสู่;เข้าถึง;ศึกษา;นำไปสู่;ให้บริการ;พัฒนา;ชี้ให้เห็น;จัดทำ;สร้าง;ได้รับ;แสดงให้เห็น;ชำระเงิน;บริการ;มีระบบ;สหประชาชาติ;เกิดขึ้น;ประกอบ;ความเป็นอยู่;บรรเทา;ทำให้;ยั่งยืน;เพิ่ม;ยังมี;บรรจุ;ส่งเสริม;ยกระดับ;ครอบคลุม;อนุมัติ;หมายถึง;เหมาะสม;อาศัย;มีระดับ;เชื่อมต่อ;สะท้อน;ต่ำกว่า;ประกอบอาชีพ;ฝากเงิน;เข้ามา;เป็นประโยชน์;ประยุกต์ใช้;จำเป็น;บ่งชี้;เพิ่มขึ้น;เริ่ม;รับผิดชอบ;ขับเคลื่อน;จัดการ;บันทึก;พิจารณา;กำหนด;จัดสรร;รับผิดชอบ;มุ่งเน้น;ปล่อย;รองรับ;บริหาร;ที่อยู่;ป้องกัน;ดีขึ้น;สร้าง;ได้รับ;คำนึงถึง;รวมถึง;ดำรงชีพ;กำหนด;ส่งผล;สินเชื่อ;คุ้มครอง;เตรียม;สอดคล้อง;กลับมา;ทำให้;ที่อยู่อาศัย;ยั่งยืน;เป็นธรรม;เริ่ม;ร่วมมือ;ร้องขอ;เพิ่ม;ร่วมมือร่วมใจ;เสริมสร้าง;ช่วยเหลือ;ทำให้เกิด;แก้ไขปัญหา;สนับสนุน;ส่วนบุคคล;เพียงพอ;ยากจน;สถาบันการเงิน;เสี่ยง;จำเป็น;ผ่อนชำระ;เรียก;ติดกับดัก;ให้ความรู้;ต่อเนื่อง;รับผิดชอบ;เกินตัว;ออกแบบ;มีปัญหา;เป็นการ;ประเมิน;พัฒนา;เกี่ยวข้อง;เป็นราย;เทียบ;ประกัน;พิสูจน์;กระตุ้น;สร้าง;ได้รับ;คำนึงถึง;รวมถึง;ดำรงชีพ;พิจารณา;ประกอบ;กำหนด;ประมาณการ;มีเงิน;ชำระหนี้;สอดแทรก;สินเชื่อ;เข้าใจ;สอดคล้อง;เสนอขาย;ทำให้;ความจำเป็น;ค่าตอบแทน;อธิบาย;เพิ่ม;เติบโต;เหลือ;เปลี่ยน;ส่งเสริม;อันเป็น;ครอบคลุม;ปลูกฝัง;เพิ่มเติม;อนุมัติ;เหมาะสม;ชักจูง;สะท้อน;ผลักดัน;ให้ความสำคัญ;เพียงพอ;ตระหนักถึง;เป็นหลัก;น่าเชื่อถือ;เสี่ยง;จำเป็น;ผ่อนชำระ;ส่งผ่าน;เพิ่มขึ้น;รับผิดชอบ;ประกาศ;เข้าถึง;ให้บริการ;มุ่งเน้น;ดำเนินงาน;จัดการ;รองรับ;เกี่ยวข้อง;ประกอบธุรกิจ;เทียบ;ครบวงจร;จัดทำ;ปรากฏ;ติดตาม;สร้าง;ได้รับ;ที่เกิด;บริการ;การอนุรักษ์;จัดตั้ง;ย้อนหลัง;ประกอบ;กำหนด;ทุจริต;ตรวจสอบ;คุ้มครอง;ตามหลัง;ยั่งยืน;ฉ้อโกง;ร่วมมือ;ดำเนิน;ปฏิบัติตาม;บันทึก;ส่งเสริม;ดำเนินการ;ยกระดับ;แก้ไขปัญหา;การเปลี่ยนแปลง;ครอบคลุม;ใช้เวลา;เหมาะสม;สนับสนุน;ร่วมแรงร่วมใจ;พร้อม;ผลักดัน;ถือเป็น;ร่วมกับ;เลือก;กำกับ;เป็นครั้งแรก;เผชิญ;จัดงาน;ได้แก่;ปรับปรุง;เรือน;ส่งผลให้เกิด;รายงาน;มุ่งเน้น;เปิดเผย;จัดการ;พัฒนา;ปล่อย;รองรับ;เกี่ยวข้อง;เทียบ;ประกัน;เข้าร่วม;คำนึงถึง;รวมถึง;เกิดขึ้น;วางแผน;กำหนด;สินเชื่อ;ต่างกัน;ทำให้;บั่นทอน;ยั่งยืน;ร่วมมือ;เรียนรู้;ตระหนัก;เพิ่ม;ดำเนิน;ยังมี;การเปลี่ยนแปลง;ดำเนินการ;เข้าสู่;ยาวนาน;ครอบคลุม;สนับสนุน;มีส่วนร่วม;ถือเป็น;ขับเคลื่อน;ได้แก่;กำกับ;ประยุกต์ใช้;เป็นมิตร;ประสบ;แลกเปลี่ยน;ปรับปรุง;เรือนกระจก;ยังอยู่;เฉลี่ย;นำไปสู่;ประเมิน;แก้ไข;ปล่อย;ป้องกัน;รวมกลุ่ม;สานต่อ;สร้าง;ได้รับ;คำนึงถึง;แสดงให้เห็น;การท่องเที่ยว;รวมถึง;แปรปรวน;ที่เกิด;ย้อนกลับ;เกิดขึ้น;จัดตั้ง;กำหนด;ส่งผล;จัดสรร;เริ่มต้น;รับมือ;ทำให้;ต่าง ๆ;ยั่งยืน;ตระหนัก;ดำเนิน;คุณภาพชีวิต;การเปลี่ยนแปลง;ดำเนินการ;ส่งเสริม;แก้ไขปัญหา;ครอบคลุม;รวมตัวกัน;ความยั่งยืน;ประกอบด้วย;มีส่วนร่วม;สนับสนุน;การป้องกัน;กระทบ;ส่งผ่าน;ประเด็น;เรียก;ต่อเนื่อง;ทำหน้าที่;เพิ่มขึ้น;สนับสนุน;ให้ความสำคัญ;ขับเคลื่อน;ยั่งยืน;ร่วมมือ;สถาบันการเงิน;ตระหนักถึง;ดำเนิน;ต้องการ;เกี่ยวข้อง;ชี้ให้เห็น;จัดสรร;ความยั่งยืน;แต่ละคน;กลายเป็น;ประเมิน;พัฒนา;ปล่อย;คำนวณ;ประกอบธุรกิจ;รองรับ;ป้องกัน;สร้าง;ได้รับ;คำนึงถึง;ปฏิบัติ;เกิดขึ้น;จัดสรร;สินเชื่อ;เตรียม;ไว้เนื้อเชื่อใจ;สอดคล้อง;แรงจูงใจ;ทำให้;ตระหนัก;เพิ่ม;ดำเนิน;ส่งเสริม;ทดสอบ;ให้การ;ความยั่งยืน;อาศัย;แข็งแกร่ง;ให้ความสำคัญ;เพียงพอ;กระทบ;ตระหนักถึง;กำกับ;เป็นมิตร;เพิ่มขึ้น;เริ่ม;เข้าไป;รับผิดชอบ;นำไปสู่;พูดถึง;พัฒนา;ปล่อย;คำนวณ;เทียบ;สิ่งแวดล้อม;เข้าร่วม;ได้ยิน;สร้าง;คำนึงถึง;แสดงให้เห็น;ที่เกิด;ปฏิบัติ;จัดตั้ง;เกิดขึ้น;ร่วมงาน;น้ำเสีย;ส่งผล;สินเชื่อ;เริ่มต้น;ตื่นตัว;มีส่วนช่วย;ตามหลัง;ส่งเสริม;ดำเนินการ;แก้ปัญหา;มองว่า;น่ายินดี;ปรับเปลี่ยน;ความยั่งยืน;เหมาะสม;สนับสนุน;ระดมทุน;สะท้อน;ให้ความสำคัญ;ผลักดัน;ทำงาน;ขับเคลื่อน;ตระหนักถึง;กำกับ;เป็นมิตร;ต่อเนื่อง;เริ่ม;เพิ่มขึ้น;รู้สึก;เบียดเบียน;มาสู่;เท่าเทียม;มีความผิด;เห็นภาพ;ลงทุน;มีผลต่อ;กลายเป็น;เชื่อมโยง;พูดถึง;เกี่ยวข้อง;ชี้ให้เห็น;สร้าง;ได้รับ;คำนึงถึง;ที่เกิด;ซ้ำเติม;เรือง;ตั้งใจ;พวกเขา;กดดัน;เกิดขึ้น;พิจารณา;นิยาม;ส่งผล;ทำกิจกรรม;เสียหาย;มั่นใจ;จัดสรร;เริ่มต้น;นำมาซึ่ง;ไว้เนื้อเชื่อใจ;ชำระหนี้;เข้าใจ;ทำลาย;ทำให้;ตกเป็น;กลับมา;อธิบาย;ใช้ชีวิต;เพิ่ม;ดำเนิน;ปฏิบัติตาม;ส่งเสริม;ทำให้เกิด;มองว่า;ระบาด;มีบทบาท;ครอบคลุม;ความยั่งยืน;หมายถึง;ประกอบด้วย;สนับสนุน;อาศัย;ถือเป็น;กระทบ;ได้แก่;เอื้อ;เผชิญ;ขอให้;เริ่ม;สนับสนุน;ทำให้;สร้าง;คำนึงถึง;กลายเป็น;ปฏิบัติการ;นึกถึง;เปรียบเสมือน;พูดถึง;ประภพ;ยอมรับ;ยกระดับ;สาธารณประโยชน์;ความคาดหวัง;รับผิดชอบ;เปิดเผย;ดำเนินงาน;ประเมิน;จัดการ;ปล่อย;ทางอ้อม;ตามหลักการ;สร้าง;คำนึงถึง;ปฏิบัติ;กำหนด;ธนาคารพาณิชย์;มั่นใจ;ตรวจสอบ;สอดคล้อง;ยั่งยืน;เพิ่ม;ดำเนินการ;ครอบคลุม;เพิ่มเติม;ความยั่งยืน;ประกอบด้วย;สนับสนุน;มีส่วนร่วม;ให้ความสำคัญ;ขับเคลื่อน;รับผิดชอบ;เศรษฐกิจพอเพียง;ให้บริการ;ดำเนินงาน;พอเพียง;จัดการ;พัฒนา;มุ่งหวัง;สังเคราะห์;จัดทำ;สร้าง;แสดงให้เห็น;นำเสนอ;มั่นคง;วางแผน;ประสบความสำเร็จ;คุ้มครอง;ตื่นตัว;แนะนำ;ยั่งยืน;เริ่ม;เติบโต;ดำเนิน;เสริมสร้าง;ส่งเสริม;ดำเนินการ;รวบรวม;เชื่อ;มีบทบาท;ปลูกฝัง;ประกอบด้วย;สมบูรณ์;ขับเคลื่อน;ประยุกต์ใช้;ได้แก่;ปรัชญา;ยั่งยืน;ต้นกล้า;เรียกร้อง;นำไปสู่;เชื่อมโยง;นิ่งดูดาย;พูดถึง;แก้ไข;ยกตัวอย่าง;รองรับ;เสียเปรียบ;น้อยลง;สร้าง;ปรับตัว;ซ้ำเติม;ทำได้;รวมถึง;ความสำเร็จ;มองเห็น;ปฏิบัติ;พวกเขา;กดดัน;ตรงกัน;บ่อเกิด;เกิดขึ้น;ส่งผล;ความเสี่ยง;ทำให้;ยั่งยืน;มีส่วน;ดำเนิน;ความเข้าใจ;แก้ปัญหา;แก้ไขปัญหา;ทำให้เกิด;ปลูกฝัง;ความยั่งยืน;หมายถึง;ให้การ;สะท้อน;ให้ความสำคัญ;ขับเคลื่อน;กระทบ;มาจาก;ตระหนักถึง;เข้ามา;มีทาง;ได้แก่;เริ่ม;ปรับปรุง;ใช้ประโยชน์;ตกค้าง;ก่อให้เกิด;เข้าร่วม;คำนึงถึง;ตั้งใจ;ให้ความสนใจ;ความเป็นอยู่;มีผลกระทบ;กลับมา;ทำให้;ริเริ่ม;หันมา;กำจัด;เรียน;ปรับเปลี่ยน;ให้การ;รู้จัก;สนับสนุน;ตระหนักถึง;เริ่ม;เงินสำรอง;เป็นการ;พูดถึง;เดินทาง;ประกัน;ใช้จ่าย;สร้าง;มีกินมีใช้;เริ่มต้น;แนะนำ;มากกว่า;ส่งเสริม;เจ็บป่วย;หมายถึง;แสวงหา;เกี่ยว;จำเป็น;ยิ่งหย่อน;ได้แก่;สำเร็จ;เดือดร้อน;รู้สึก;นำไปสู่;มุ่งเน้น;จัดการ;เกี่ยวข้อง;สร้าง;คำนึงถึง;ความสำเร็จ;ส่งผล;แตกต่าง;เติบโต;ดำเนิน;ดำเนินการ;ก่อสร้าง;ความยั่งยืน;หมายถึง;ระดมทุน;เป็นมิตร;จำเป็น;จัดกิจกรรม;เรือนกระจก;รับผิดชอบ;ประกาศ;ลงทุน;ปราศจาก;นำไปสู่;กลายเป็น;เคลื่อน;เปิดเผย;แม่นยำ;มีโอกาส;ปล่อย;เกี่ยวข้อง;ส่งมอบ;สิ่งแวดล้อม;เข้าร่วม;สร้าง;ได้รับ;มีประโยชน์;นำเสนอ;รวมถึง;ดึงดูด;แน่ใจ;เกิดขึ้น;น้ำเสีย;นิยาม;เสริม;จัดสรร;โฆษณา;ต่างกัน;ทำให้;จดทะเบียน;เปิดตัว;การสี;ยั่งยืน;บริโภค;อธิบาย;ดำเนิน;แลกเปลี่ยนความคิดเห็น;เงินได้;ค้ำประกัน;ครอบคลุม;คำนิยาม;ความยั่งยืน;ท้าทาย;ประกอบด้วย;สนับสนุน;เหมาะสม;มีส่วนร่วม;เพียงพอ;ขับเคลื่อน;เตือน;เข้ามา;กำกับ;เป็นมิตร;ผลประโยชน์;ต้องการ;บังคับ;ได้แก่;จัดงาน;เปิดเผย;ก่อตั้ง;เสื่อมสภาพ;เปิดโอกาส;คำนึงถึง;เป็นทางการ;ได้รับ;รวมถึง;พิจารณา;กำหนด;ยั่งยืน;ทำกำไร;ส่งเสริม;เปลี่ยน;ขาดแคลน;ความยั่งยืน;สนับสนุน;ผลักดัน;วิเคราะห์;ช่วยกัน;หมายความว่า;ต้องการ;ทุกฝ่าย;กำหนดกฎเกณฑ์;พึ่งพา;เข้าถึง;ออกแบบ;ดำเนินงาน;เป็นการ;พัฒนา;บริหาร;ป้องกัน;ความรับผิดชอบ;นำเสนอ;ยอมรับ;ทางธรรมชาติ;เข้าใจ;กล่าว;รับมือ;สัมพันธ์;ทำลาย;มีประสิทธิภาพ;เพียงพอ;ร่วมกับ;เรียก;ลงทุน;เชื่อมโยง;ก่อให้เกิด;ประเมิน;ปรับตัว;กระจาย;มีระบบ;สูญเสีย;เพิ่ม;ฝึกอบรม;ดำเนินการ;สื่อสาร;เหมาะสม;ตระหนักถึง;เริ่ม;ลงมือ;จัดหมวดหมู่;จัดทำ;สร้าง;ย้อนกลับ;แน่ใจ;ประกอบ;มั่นใจ;สินเชื่อ;ตรวจสอบ;สอดคล้อง;นำร่อง;เติบโต;เสริมสร้าง;ดำเนิน;เข้าสู่;ขับเคลื่อน;ทำงาน;เปลี่ยนแปลง;ได้แก่;เพิ่มขึ้น;ธนาคาร	ACTION
2020	รับผิดชอบ;ประกาศ;เป็นหนี้;เข้าถึง;ลงทุน;หนี้สิน;ดำเนินงาน;จัดการ;ประสบปัญหา;พัฒนา;ปล่อย;ขยายตัว;รองรับ;ประกอบธุรกิจ;เกี่ยวข้อง;มีโอกาส;เข้าร่วม;ป้องกัน;มีวินัย;ใช้จ่าย;สร้าง;พยายาม;คำนึงถึง;ได้รับ;บางราย;ปรับตัว;ฉีดวัคซีน;บริการ;ปรึกษา;รวมถึง;ดำรงชีพ;ทุกคน;เกิดขึ้น;ปลดหนี้;น้ำเสีย;รักษา;ความเป็นอยู่;กำหนด;ทุจริต;ต่อเนื่อง;สอดคล้อง;กลับมา;ทำให้;ตระหนัก;เพิ่ม;ช่วยเหลือ;ดำเนิน;เติบโต;คอร์รัปชัน;ส่งเสริม;พอกับ;เลี่ยง;มองว่า;ได้มาตรฐาน;ความยั่งยืน;เหมาะสม;สนับสนุน;ตั้งขึ้น;ผลักดัน;ขับเคลื่อน;การปลด;วิเคราะห์;เสี่ยง;จำเป็น;เป็นมิตร;ให้ยา;คาดคิด;ติดกับดัก;เปรียบ;ให้ความรู้;ดีขึ้น;ปรับปรุง;จัดเตรียม;ลงทุน;ให้บริการ;กลายเป็น;นำไปสู่;ก่อให้เกิด;ดำเนินงาน;ทันเวลา;หยุดชะงัก;จัดการ;แก้ไข;พัฒนา;มีโอกาส;เอาเปรียบ;บริหาร;รองรับ;ป้องกัน;ปรีดี;ติดตาม;คำนึงถึง;ได้รับ;รวมถึง;มองออก;มีระบบ;เปลี่ยนไป;ส่วนแบ่งตลาด;สมดุล;เกิดขึ้น;ฟื้นฟู;รักษา;วางแผน;ส่งผล;เจริญเติบโต;จัดสรร;ตัดสินใจ;สอดคล้อง;ได้ผล;ตั้งอยู่;ร่วมมือ;ใช้ชีวิต;ช่วยเหลือ;ติดเชื้อ;ดำเนิน;พอประมาณ;เพิ่ม;ดำเนินการ;เข้าสู่;ทั้งเป็น;รวบรวม;เชื่อ;ท้าทาย;ความยั่งยืน;หมายถึง;สื่อสาร;เหมาะสม;วิกฤติ;แสวงหา;แข็งแกร่ง;พร้อม;เพียงพอ;ทำงาน;เปลี่ยนแปลง;ร่วมกับ;มีเหตุมีผล;มีความรู้;ได้แก่;ต่อเนื่อง;ทำหน้าที่;เพิ่มขึ้น;ติดตั้ง;ควบคู่;ใช้ประโยชน์;รายงาน;เป็นการ;พัฒนา;ปล่อย;เกี่ยวข้อง;ป้องกัน;ประดิษฐ์;ความรู้;ติดตาม;สร้าง;รวมถึง;ปฏิบัติการ;ยอมรับ;ประสาน;ประสบความสำเร็จ;เข้าใจ;ต่างกัน;รับมือ;บรรเทา;ปฏิบัติงาน;ดำเนิน;ส่งเสริม;ดำเนินการ;แก้ปัญหา;แก้ไขปัญหา;ปรับเปลี่ยน;เลี้ยง;มีส่วนร่วม;สนับสนุน;พร้อม;วิจัย;ขับเคลื่อน;ร่วมกับ;เลือก;ตระหนักถึง;ตรวจจับ;เข้ามา;วิเคราะห์;ประยุกต์ใช้;ทำความเข้าใจ;ต้องการ;ถ่ายทอด;ขยายผล;นำร่อง;เริ่ม;เข้าไป;ก่อตั้ง;เปิดโอกาส;เสร็จ;ได้รับ;รวมถึง;พูดคุย;ประชุม;เสริม;กำหนด;วัดผล;ทำให้;ยั่งยืน;ช่วยเหลือ;เรียน;ส่งเสริม;เปลี่ยน;เชื่อ;สนับสนุน;มีส่วนร่วม;พร้อม;ผลักดัน;บังคับ;ทุกฝ่าย;พึ่งพา;ประกาศ;เข้าถึง;เป็นการ;สร้างเสริม;ขยายวง;พัฒนา;มุ่งหวัง;บริหาร;สิ่งแวดล้อม;ไปเที่ยว;พวกเขา;เข้าใจ;กล่าว;ร่วมมือ;ยังมี;มองว่า;รู้จัก;ติดต่อ;คิดถึง;ได้เงิน;เกื้อกูล;ร่วมกับ;เป็นผล;แลกเปลี่ยน;เป็นตัว;ดีขึ้น;ได้ราคา;เพิ่มมากขึ้น;เชื่อมโยง;ก่อให้เกิด;จัดการ;กระตุ้น;มีประโยชน์;ได้มา;ปลดหนี้;มีชีวิต;เหมือน;น่าจะเป็น;โฟกัส;ประเมินผล;อธิบาย;ไม่ยั่งยืน;แก้ไขปัญหา;อาศัย;สะท้อน;เข้ามา;อยากรู้;เริ่ม;ในอนาคต;ซื้อขายแลกเปลี่ยน;สร้าง;มองเห็น;ใช้งาน;วางแผน;ตื่นตัว;ดำเนิน;วิจัย;ขับเคลื่อน;ทำงาน;เปลี่ยนแปลง;อยู่รอด;เข้มแข็ง;ไม่ต้อง;ได้แก่;เพิ่มขึ้น;ทำหน้าที่	ACTION
2021	กำกับ;ปฏิเสธ;ตรวจสอบ;สร้าง;เป็นหลัก;ดำเนิน;สิ่งแวดล้อม;ส่งออก;ออกแบบ;กลายเป็น;เชื่อมโยง;พูดถึง;ค่อย ๆ;ก่อตั้ง;แก้ไข;มีคุณค่า;กระจุก;สร้าง;จานรอง;ปรับตัว;พยายาม;มองเห็น;ใช้งาน;บอกเล่า;ประสาน;มีราคา;ทำให้;รู้ตัว;ตระหนัก;เพิ่ม;ดำเนิน;ยังมี;พลาสติก;มีส่วนร่วม;เพลย์;ขับเคลื่อน;ร่วมกับ;มาจาก;เข้ามา;หมุนเวียน;มีความสุข;ประกาศ;มีประสบการณ์;บทสนทนา;ออกแบบ;เชื่อมโยง;รองรับ;มาถึง;จัดทำ;ปรากฏ;สร้าง;ได้รับ;ยอมรับ;ประสบความสำเร็จ;รับประโยชน์;กล่าว;กลับมา;ทำให้;ยั่งยืน;จัดหา;รวบรวม;นำมาใช้;พร้อม;เชื่อมต่อ;ร่วมกับ;เลือก;หมดอายุการใช้งาน;รับซื้อ;หมุนเวียน;มั่งคั่ง;เพิ่มขึ้น;นำมาซึ่ง;คำนึงถึง;ขับเคลื่อน;พยายาม;ได้รับ;รวมถึง;ทุกท่าน;กำกับ;เล็งเห็น;ดำเนิน;ส่งต่อ;รอบด้าน;รับผิดชอบ;ควบคู่;นำไปสู่;มุ่งเน้น;ดำเนินงาน;พัฒนา;เกี่ยวข้อง;ที่อยู่;ประดิษฐ์;ขาดไม่ได้;วางรากฐาน;สร้าง;รู้เชิง;รวมถึง;คุ้นเคย;จัดตั้ง;กำหนด;สอดคล้อง;ดำเนิน;บันทึก;ดำเนินการ;ยกระดับ;ครอบคลุม;ความยั่งยืน;สื่อสาร;สนับสนุน;ให้ความสำคัญ;ขับเคลื่อน;ถือเป็น;วิเคราะห์;จำเป็น;จัดงาน;ได้แก่;ต่อเนื่อง;เริ่ม;ติดตั้ง;ยังอยู่;เข้าถึง;เฉลี่ย;ใช้ประโยชน์;นำไปสู่;เปิดเผย;จัดการ;อ้างอิง;พัฒนา;บริหาร;เกี่ยวข้อง;สิ่งแวดล้อม;ติดตาม;มองหา;นับว่า;สร้าง;ปรับตัว;รวมถึง;กระจาย;ปฏิบัติ;การอนุรักษ์;รู้คุณค่า;สมดุล;เกิดขึ้น;รักษา;นิยาม;ความเป็นอยู่;จัดสรร;ความเสี่ยง;หลีกเลี่ยง;สอดคล้อง;ประชาสัมพันธ์;ยั่งยืน;ทดแทน;เรียน;ยังมี;เปลี่ยน;ดำเนินการ;ยกระดับ;ท้าทาย;เหมาะสม;สนับสนุน;เดินตาม;พร้อม;อาศัย;มีประสิทธิภาพ;เป็นมิตร;ประเด็น;ต่อเนื่อง;เริ่ม;รับผิดชอบ;เรือนกระจก;ชดเชย;ตั้งต้น;ทุกท่าน;นำไปสู่;ดำเนินงาน;ทำเป็น;เป็นการ;เรียก;จัดการ;ปล่อย;บริหาร;ด้อยค่า;ทิ้งท้าย;จัดทำ;ได้รับ;ที่เกิด;รวมถึง;ใช้งาน;กำหนด;ส่งผล;ทำกิจกรรม;ประหยัด;ริเริ่ม;แผ่ขยาย;กลับมา;เผาไหม้;ยั่งยืน;ขึ้นทะเบียน;ย่อยสลาย;ร่วมมือ;ตระหนัก;แบ่งปัน;ฟอยล์;เพิ่ม;กำจัด;เหลือ;ยังมี;บรรจุ;ปรับเปลี่ยน;รดน้ำต้นไม้;เชื่อ;ยกเลิก;ครอบคลุม;สื่อสาร;มีส่วนร่วม;ผลักดัน;ขับเคลื่อน;มีประสิทธิภาพ;ได้แก่;เลือก;ตระหนักถึง;รับรอง;เล็งเห็น;คุ้มค่า;ปฏิวัติ;ต่อเนื่อง;แนวร่วม;รักษ์;ติดตั้ง;เรือนกระจก;ควบคุม;ออกแบบ;มุ่งเน้น;จัดการ;พัฒนา;ปล่อย;แสงสว่าง;สิ่งแวดล้อม;น้อยลง;คำนึงถึง;ได้รับ;รวมถึง;ปฏิบัติ;ปฏิบัติการ;วางแผน;มั่นใจ;ประหยัด;สอดคล้อง;อนุรักษ์;ทำให้;ทดแทน;เพิ่ม;ยังมี;ดำเนินการ;เหมาะสม;สนับสนุน;มีประสิทธิภาพ;เพียงพอ;รบกวน;รับรอง;ประยุกต์ใช้;เป็นมิตร;เป็นผล;ทัดเทียม;เริ่ม;ต่อเนื่อง;ปราศจาก;กลายเป็น;ดำเนินงาน;แก้ไข;พัฒนา;คาดหวัง;สิ่งแวดล้อม;รวมกัน;ยิ่งใหญ่;เรียกกันว่า;สร้าง;ได้รับ;คำนึงถึง;เป็นไปไม่ได้;นำเสนอ;รวมถึง;ปฏิบัติ;บริการ;พิมพ์;จัดตั้ง;กำหนด;ส่งผล;จัดสรร;สอดคล้อง;กลับมา;ทำให้;แปรรูป;หันมา;เติบโต;ดำเนิน;เปลี่ยน;ดำเนินการ;ทำให้เกิด;ปรับเปลี่ยน;การเปลี่ยนแปลง;จุดประกาย;ความยั่งยืน;สนับสนุน;ผลักดัน;ขับเคลื่อน;กระทบ;กำกับ;ทางออก;เรียก;ต่อเนื่อง;จันทร์;สร้าง;ขับเคลื่อน;ยั่งยืน;ปฏิบัติการ;เป็นมิตร;เปลี่ยน;ยกระดับ;ความยั่งยืน;ประกาศ;เฉลี่ย;กลายเป็น;พัฒนา;ปล่อย;มุ่งหวัง;เกี่ยวข้อง;คาดหวัง;จัดทำ;ปรากฏ;คำนึงถึง;สหประชาชาติ;เกิดขึ้น;กำหนด;กล่าว;รับมือ;ทำให้;ยั่งยืน;การพัฒนา;เติบโต;ปฏิบัติตาม;แก้ปัญหา;แก้ไขปัญหา;ครอบคลุม;ท้าทาย;หมายถึง;เผชิญ;เป็นผล;สำเร็จ;ต่อเนื่อง;รับผิดชอบ;การชำระหนี้;ลงทุน;เรียกร้อง;ดำเนินงาน;แก้ไข;พัฒนา;ปล่อย;เกี่ยวข้อง;รวมกัน;สิ่งแวดล้อม;เทียบ;เข้าร่วม;การผนวก;ติดตาม;เป็นสมาชิก;สร้าง;รวมถึง;จัดตั้ง;เกิดผล;เสริม;หารือ;กำหนด;จัดสรร;รับมือ;ยั่งยืน;มีส่วน;เพิ่ม;ช่วยเหลือ;ดำเนิน;เงินได้;การเปลี่ยนแปลง;ผู้กำกับ;มีบทบาท;ทั่วโลก;สนับสนุน;ผลักดัน;ขับเคลื่อน;นำไปใช้;เลือก;เป็นมิตร;ต่อเนื่อง;แลกเปลี่ยน;ใช้ประโยชน์;เปิดเผย;ดำเนินงาน;ก่อตั้ง;ประเมิน;ประกอบธุรกิจ;น่าสนใจ;กระตุ้น;สร้าง;เห็นผล;กำหนด;จัดสรร;สอดคล้อง;ยั่งยืน;เพิ่ม;ส่งเสริม;ดำเนินการ;ครอบคลุม;ความยั่งยืน;ประกอบด้วย;สนับสนุน;ระดมทุน;ถือเป็น;ขับเคลื่อน;เพียงพอ;สถาบันการเงิน;เอื้อ;กำกับ;บังคับ;ได้แก่;ต่อเนื่อง;เพิ่มขึ้น;รับผิดชอบ;เรือนกระจก;ลงทุน;เปิดเผย;ก่อให้เกิด;ประเมิน;อ้างอิง;พัฒนา;ปล่อย;มุ่งหวัง;มากยิ่งขึ้น;เกี่ยวข้อง;บริหาร;ทางอ้อม;เก็บภาษี;ส่งออก;เปรียบเทียบ;จัดทำ;กระตุ้น;สร้าง;ได้รับ;ที่เกิด;รวมถึง;แนวปฏิบัติ;ลงนาม;ปฏิบัติ;พิจารณา;บูรณาการ;กำหนด;ส่งผล;จัดสรร;สอดคล้อง;ขึ้นกับ;ทำให้;การดำรง;ที่ผ่านมา;ยั่งยืน;ที่อยู่อาศัย;มากกว่า;เติบโต;ดำเนิน;ปฏิบัติตาม;บันทึก;เปลี่ยน;ดำเนินการ;ครอบคลุม;ความยั่งยืน;สื่อสาร;ประเทศ;สนับสนุน;สะท้อน;ในทางปฏิบัติ;มีประสิทธิภาพ;กระทบ;เปลี่ยนแปลง;เดินหน้า;เข้ามา;เอื้อ;เป็นระบบ;เป็นมิตร;ใกล้ชิด;เพิ่มขึ้น;ดำเนินกิจการ;ดำเนินงาน;พัฒนา;เกี่ยวข้อง;สร้าง;ได้รับ;จัดตั้ง;เน้นย้ำ;เกิดผล;ตรวจสอบ;ริเริ่ม;ยั่งยืน;ตกผลึก;ดำเนินการ;ส่งเสริม;ความยั่งยืน;รับรู้;ขับเคลื่อน;ลึกซึ้ง;ทำความเข้าใจ;ก้าวหน้า;เริ่ม;รับผิดชอบ;มาสู่;มองข้าม;นำไปสู่;ให้บริการ;เชื่อมโยง;เปิดเผย;กลายเป็น;จัดการ;ปล่อย;เกี่ยวข้อง;ประยุกต์;สร้าง;คำนึงถึง;ได้รับ;เป็นที่;ยอมรับ;เกิดขึ้น;จัดอันดับ;กำหนด;ส่งผล;จัดสรร;สอดคล้อง;จับต้อง;บางแห่ง;ต่าง ๆ;ยั่งยืน;มีส่วน;ตระหนัก;ใช้ชีวิต;ดำเนิน;เหลือ;ยังมี;เติบโต;ส่งเสริม;อันเป็น;มองว่า;รับทราบ;ทำให้เกิด;แก้ปัญหา;มีบทบาท;ท้าทาย;ความยั่งยืน;ปลูกฝัง;มีส่วนร่วม;ละเลย;ผลักดัน;ขับเคลื่อน;ให้ความสำคัญ;ร่วมกับ;เลือก;สถาบันการเงิน;เป็นมิตร;ได้แก่;ต่อเนื่อง;เริ่ม;ระยะยาว;เข้าไป;ปรับปรุง;เรือนกระจก;ประกาศ;เพิ่มมากขึ้น;ให้บริการ;สร้างเสริม;พัฒนา;เป็นเรื่อง;ยกตัวอย่าง;เพียงแค่;มาถึง;กระตุ้น;สร้าง;ปรับตัว;ได้รับ;คำนึงถึง;บริการ;ยอมรับ;กำหนด;กล่าว;ทำให้;ยั่งยืน;ร่วมมือ;เติบโต;เสมือน;เป็นหนึ่ง;ดำเนินการ;มองว่า;ให้ความสำคัญ;ขับเคลื่อน;ร่วมกับ;สถาบันการเงิน;ตระหนักถึง;เป็นตัว;ปรับปรุง;มีผลบังคับใช้;เข้าถึง;เพิ่มขึ้น;กลายเป็น;ทำเป็น;เป็นการ;ดิจิทัล;อ้างอิง;จัดการ;ประเมิน;ปล่อย;เป็นเรื่อง;บริหาร;เกี่ยวข้อง;สิ่งแวดล้อม;เปิดโอกาส;ที่อยู่;ปรับตัว;คำนึงถึง;สร้าง;รวมถึง;การนำ;การกำกับ;เกิดผล;เป็นไป;กำหนด;ประสาน;สอดคล้อง;กลับมา;ทำให้;มีส่วน;ร่วมมือ;กำหนดให้;เพิ่ม;ดำเนิน;เป็นหนึ่ง;ส่งเสริม;แก้ไขปัญหา;มองว่า;ครอบคลุม;ให้การ;กล่าวว่า;ท้าทาย;ความยั่งยืน;สนับสนุน;ให้ความสำคัญ;เพียงพอ;ขับเคลื่อน;เปลี่ยนแปลง;ถือเป็น;วิเคราะห์;เข้ามา;เอื้อ;สถาบันการเงิน;เป็นประโยชน์;เผชิญ;กำกับ;บังคับ;ได้แก่;สำเร็จ;ลงมือทำ;ดีขึ้น;เข้าไป;ปรับปรุง;เรือนกระจก;เข้าถึง;ประจำ;ดำเนินงาน;ดิจิทัล;การปรับตัว;พัฒนา;ปล่อย;ตรวจวัด;ติดตาม;สร้าง;ได้รับ;ประหยัด;จัดส่ง;ให้เงิน;จูงใจ;ร่วมมือ;ประเมินผล;การพัฒนา;เพิ่ม;ช่วยเหลือ;ดำเนิน;ฝึกอบรม;เปลี่ยน;ส่งเสริม;เกษตรกร;ปรับเปลี่ยน;จัดหา;แก้ปัญหา;การเปลี่ยนแปลง;จัดเก็บ;ขาดแคลน;เหมาะสม;สนับสนุน;วิจัย;วิเคราะห์;ต้องการ;แลกเปลี่ยน;ให้ความรู้;ประชาชน;ศึกษา;เคลื่อน;ดำเนินงาน;พัฒนา;ชี้ให้เห็น;แสดงถึง;สร้าง;ได้รับ;ให้คำปรึกษา;รวมถึง;เปลี่ยนไป;บริการ;กำหนด;เทรนด์;เติบโต;เปลี่ยน;ดำเนินการ;ท้าทาย;ความยั่งยืน;ประกอบด้วย;สนับสนุน;ให้ความสำคัญ;ขับเคลื่อน;ผลักดัน;สอดคล้องกัน;กำกับ;หมุนเวียน;ได้แก่;แลกเปลี่ยน;รับผิดชอบ;การชำระหนี้;ธรรมาภิบาล;ประกาศ;เงินสำรอง;ลงทุน;กลายเป็น;ดำเนินงาน;จัดการ;ประเมิน;พัฒนา;ปล่อย;บริหาร;สิ่งแวดล้อม;ใกล้เคียง;สร้าง;ปรับตัว;คำนึงถึง;รวมถึง;เท่ากัน;พิจารณา;ประกอบ;กำหนด;จัดสรร;ความเสี่ยง;ปะการัง;ทำให้;ตอบรับ;เพิ่ม;ดำเนิน;จำกัด;เปลี่ยน;ดำเนินการ;การลงทุน;เพิ่มเติม;สนับสนุน;เปลี่ยนแปลง;เลือก;เรียก;ทำหน้าที่;เริ่ม;คาดไม่ถึง;องค์กร;กลายเป็น;มุ่งเน้น;จัดการ;เดินทาง;พัฒนา;หวนกลับ;ดีขึ้น;สร้าง;ความเปลี่ยนแปลง;ถาโถม;เสริม;ส่งผล;ขึ้นกับ;สิ้นสุด;แนะนำ;ต่าง ๆ;บริโภค;การพัฒนา;เพิ่ม;ต่อยอด;เติบโต;ไม่ยั่งยืน;ดำเนิน;ส่งเสริม;การเปลี่ยนแปลง;ประมวล;ปรับเปลี่ยน;รวบรวม;เชื่อ;ครอบคลุม;รู้จัก;ความยั่งยืน;สื่อสาร;นำมาใช้;พร้อม;แข็งแกร่ง;ให้ความสำคัญ;เดินหน้า;เปลี่ยนแปลง;ทำงาน;นำไปใช้;มีความหวัง;เข้ามา;อุดมสมบูรณ์;ได้แก่;ต่อเนื่อง;ชวนมอง;เริ่ม;เพิ่มขึ้น;มีความสำคัญ	ACTION
2022	มีค่า;ศึกษา;เห็นภาพ;ให้บริการ;มุ่งเน้น;อ้างอิง;ประเมิน;จัดการ;ทบทวน;ลังเล;ครบวงจร;ติดตาม;กระตุ้น;สร้าง;ได้รับ;พยายาม;ชำระเงิน;รวมถึง;บริการ;ทั่วถึง;ดึงดูด;ทางการเงิน;จัดตั้ง;พิจารณา;ทดลองใช้;สินเชื่อ;คุ้มครอง;ตรวจสอบ;ขึ้นกับ;เหมือน;ใบอนุญาต;เลิกกิจการ;ความจำเป็น;ยั่งยืน;หันมา;เพิ่ม;อนุญาต;เข้าสู่;ทำให้เกิด;ดำเนินการ;อนุมัติ;เพียงพอ;กระทบ;เปลี่ยนแปลง;ฝากเงิน;เข้ามา;เอื้อ;กำกับ;เป็นระบบ;ความพร้อม;สะดวก;เริ่ม;ต่อต้าน;ศึกษา;แก้ไข;แรกเกิด;คิดดอกเบี้ย;เข้าไป;ความรับผิดชอบ;กระตุ้น;สร้าง;ชำระเงิน;แรกเริ่ม;นำเสนอ;ปฏิบัติ;บริการ;เกิดขึ้น;กำหนดกฎเกณฑ์;กำหนด;คุ้มครอง;ตรวจสอบ;สัมฤทธิ์ผล;เป็นธรรม;ยั่งยืน;เห็นชอบ;ถ่องแท้;ทำงานหนัก;เปลี่ยน;ดำเนินการ;ทำให้เกิด;ปรับเปลี่ยน;ถือว่า;จุดประกาย;เพิ่มเติม;ครอบคลุม;เหมาะสม;ยึดถือ;ชักจูง;ยืนหยัด;ย่อท้อ;กำกับ;ฝ่าฟัน;เล็งเห็น;กล่าวถึง;โจมตี;สำเร็จ;เพิ่มขึ้น;รู้สึก;เข้มงวด;ให้บริการ;ค่อย ๆ;พัฒนา;สร้าง;กระแทก;ได้รับ;นับว่า;บริการ;ผู้ช่วย;จัดตั้ง;เสริม;ตรวจสอบ;เริ่มต้น;คุ้มครอง;เป็นธรรม;ส่งเสริม;สนับสนุน;เข้ามา;กำกับ	ACTION
